id,smiles,KRAS G12D SPR KD  (nM),KRAS G12D binding IC50 (nM),pERK IC50 (nM)
1,CN1[C@H](COc2nc3cc(-c4cc(O)cc5ccccc45)ncc3c(N3CC(CC4)NC4C3)n2)CCC1,97.7,124.7,3159.1
2,CN1[C@H](COc2nc(N3CC(CC4)NC4C3)c(cnc(-c3cc(O)cc4ccccc34)c3F)c3n2)CCC1,2.4,2.7,721.4
3,Cn1c(CCOc2nc(N3CC(CC4)NC4C3)c(cnc(-c3cc(O)cc4ccccc34)c3F)c3n2)ncc1,8.3,9.5,10283.1
4,Oc1cc2ccccc2c(-c(ncc(c2n3)c(N4CC(CC5)NC5C4)nc3OCCc3ncccc3)c2F)c1,155.7,496.2,8530
5,Cn1nccc1COc1nc(N2CC(CC3)NC3C2)c(cnc(-c2cc(O)cc3ccccc23)c2F)c2n1,294.8,722.9,8193.8
6,Cc1cccnc1CCOc1nc(N2CC(CC3)NC3C2)c(cnc(-c2cc(O)cc3ccccc23)c2F)c2n1,442.2,434.1,11518.2
7,Oc1cc2ccccc2c(-c(ncc(c2n3)c(N4CC(CC5)NC5C4)nc3OCCc3ncccn3)c2F)c1,463.5,1867.3,
8,Cn1nc(COc2nc(N3CC(CC4)NC4C3)c(cnc(-c3cc(O)cc4ccccc34)c3F)c3n2)cc1,2143.7,1522,
9,Cn1cnc(COc2nc(N3CC(CC4)NC4C3)c(cnc(-c3cc(O)cc4ccccc34)c3F)c3n2)c1,258.9,820.7,
10,CN1[C@H](CCOc2nc(N3CC(CC4)NC4C3)c(cnc(-c3cc(O)cc4ccccc34)c3F)c3n2)CCC1,33.8,,8115.5
11,CCN1[C@H](COc2nc(N3CC(CC4)NC4C3)c(cnc(-c3cc(O)cc4ccccc34)c3F)c3n2)CCC1,4.9,,1078.2
12,Oc1cc2ccccc2c(-c(ncc(c2n3)c(N4CC(CC5)NC5C4)nc3OC[C@H]3N(Cc4ccccc4)CCC3)c2F)c1,11,,4905.2
13,CN(C)C(CCOc1nc(N2CC(CC3)NC3C2)c(cnc(-c2cc(O)cc3ccccc23)c2F)c2n1)=O,510.7,,
14,CN1[C@H](COc2nc(N3CC(CC4)NC4C3)c(cnc(-c(c3ccccc33)cc(O)c3Br)c3F)c3n2)CCC1,5.1,73.9,4843.5
15,Cc1c2c(-c(ncc(c3n4)c(N5CC(CC6)NC6C5)nc4OC[C@H]4N(C)CCC4)c3F)cccc2ccc1,208.5,260.3,>16666.7
16,CN(C1)[C@H](COc2nc(N3CC(CC4)NC4C3)c(cnc(-c3cc(O)cc4ccccc34)c3F)c3n2)C[C@H]1F,31.3,54.1,3834.5
17,C[C@H](CN(C)C)Oc1nc(N2CC(CC3)NC3C2)c(cnc(-c2cc(O)cc3ccccc23)c2F)c2n1,2209.6,666.2,
18,CN(C)CCOc1nc(N2CC(CC3)NC3C2)c(cnc(-c2cc(O)cc3ccccc23)c2F)c2n1,3.1,76.8,3742.5
19,CN1[C@H](COc2nc(N3CC(CC4)NC4C3)c(cnc(-c(c3c4)cccc3ccc4F)c3F)c3n2)CCC1,664.8,122,>16666.7
20,CN1[C@H](COc2nc(N3CC(CC4)NC4C3)c(cnc(-c3cccc4ccccc34)c3F)c3n2)CCC1,967,691.8,
21,CN1[C@H](COc2nc(N3CC(CC4)NC4C3)c(cnc(-c3c(CCCC4)c4ccc3)c3F)c3n2)CCC1,447.5,262.9,
22,Oc1cc2ccccc2c(-c(ncc(c2n3)c(N4CC(CC5)NC5C4)nc3OCCCN3CCOCC3)c2F)c1,19.6,50.3,1888.7
23,CN1[C@H](COc2nc(N3CC(CC4)NC4C3)c(cnc(-c3c(CCC4)c4ccc3)c3F)c3n2)CCC1,807.2,,
24,Oc1cc2ccccc2c(-c(ncc(c2n3)c(N4CC(CC5)NC5C4)nc3OCCCN3[C@@H](C4)CO[C@@H]4C3)c2F)c1,5,7.9,2890
25,Oc1cc2ccccc2c(-c(ncc(c2n3)c(N4CC(CC5)NC5C4)nc3OCCN3CCOCC3)c2F)c1,269.7,338.4,
26,Oc1cc2ccccc2c(-c(ncc(c2n3)c(N4CC(CC5)NC5C4)nc3OCCN3[C@@H](C4)CO[C@@H]4C3)c2F)c1,27.9,42.1,4282.7
27,CC(C1N(C)CCC1)Oc1nc(N2CC(CC3)NC3C2)c(cnc(-c2cc(O)cc3ccccc23)c2F)c2n1,25.9,,1275.8
28,CN(C1)[C@H](COc2nc(N3CC(CC4)NC4C3)c(cnc(-c3cc(O)cc4ccccc34)c3F)c3n2)C[C@H]1C(F)(F)F,58.7,,11736
29,CC(C)N1[C@H](COc2nc(N3CC(CC4)NC4C3)c(cnc(-c3c4c(Cl)cccc4ccc3)c3F)c3n2)CCC1,169.6,160.4,13630.9
30,Cn1c(cccc2)c2nc1CCOc1nc(N2CC(CC3)NC3C2)c(cnc(-c2cc(O)cc3ccccc23)c2F)c2n1,179.5,417.6,9600.4
31,CN1[C@H](COc2nc(N3CC([C@@H](C4)O)NC4C3)c(cnc(-c3cc(O)cc4ccccc34)c3F)c3n2)CCC1,,1.6,2425.6
32,O[C@@H](C1)[C@H](C2)N[C@@H]1CN2c1c(cnc(-c2c3c(Cl)cccc3ccc2)c2F)c2nc(OCCc(cc2)ncc2F)n1,,2145,>50000
33,Fc(c1n2)c(-c3c4c(Cl)cccc4cnc3)ncc1c(N1CC(CC3)NC3C1)nc2OCC1(CCC2)N2CCC1,71.7,21.1,2052.1
34,CN(C1)[C@H](COc2nc(N3CC(CC4)NC4C3)c(cnc(-c3c4c(Cl)cccc4ccc3)c3F)c3n2)C[C@H]1OC,119.3,135.4,4207.8
35,OCC(CO)COc1nc(N2CC(CC3)NC3C2)c(cnc(-c2c3c(Cl)cccc3ccc2)c2F)c2n1,1381.8,475,11332.1
36,Oc1cc(-c(ncc(c2n3)c(N4CC(CC5)NC5C4)nc3OCC3(CCC4)N4CCC3)c2F)c2c(Cl)cccc2c1,,0.4,107.8
37,OC(C1)CN1c1nc(N2CC(CC3)NC3C2)c(cnc(-c2cc(O)cc3ccccc23)c2F)c2n1,494.5,404.8,
38,Oc1cc2ccccc2c(-c(ncc(c2n3)c(N4CC(CC5)NC5C4)nc3OCCCC(F)(F)F)c2F)c1,750.3,174.2,
39,COCCN(CC1)CCC1Oc1nc(N2CC(CC3)NC3C2)c(cnc(-c2cccc3ccccc23)c2F)c2n1,67770,>10000,
40,Oc1cc2ccccc2c(-c(ncc(c2n3)c(N4CC(CC5)NC5C4)nc3OC[C@H]3N(CC4)C[C@H]4C3)c2F)c1,1.7,4,4241.8
41,COCCCN(CC1)CCC1Oc1nc(N2CC(CC3)NC3C2)c(cnc(-c2cc(O)cc3ccccc23)c2F)c2n1,180.8,76.7,6647.2
42,CN(C1)[C@H](COc2nc(N3CC(CC4)NC4C3)c(cnc(-c3cc(O)cc4ccccc34)c3F)c3n2)C[C@H]1OC,5.6,3.1,637.6
43,CCO[C@H]1CN(C)[C@H](COc2nc(N3CC(CC4)NC4C3)c(cnc(-c3c4c(Cl)cccc4ccc3)c3F)c3n2)C1,188,72.2,6204.1
44,CN1[C@H](COc2nc(N3CC(CC4)NC4C3)c(cnc(-c(cccc3cc4)c3c(Cl)c4F)c3F)c3n2)CCC1,31.7,33.7,2290.1
45,Fc(c1n2)c(-c3c4c(Cl)cccc4ccc3)ncc1c(N1CC(CC3)NC3C1)nc2OCC1(CCC2)N2CCC1,5.1,5.5,840
46,Oc1cc2ccccc2c(-c(ncc(c2n3)c(N4CC(CC5)NC5C4)nc3OCC3(CCCC3)C(F)(F)F)c2F)c1,797.8,720.8,
47,CCCOc1nc(N2CC(CC3)NC3C2)c(cnc(-c2cc(O)cc3ccccc23)c2F)c2n1,509.9,264.6,4445.6
48,Oc1cc2ccccc2c(-c(ncc(c2n3)c(N4CC(CC5)NC5C4)nc3OCC(F)(F)F)c2F)c1,930.8,433.9,4875.6
49,O[C@H](C1)[C@@H](C2)N[C@H]1CN2c1c(cnc(-c2c3c(Cl)cccc3ccc2)c2F)c2nc(OCC2(CCC3)N3CCC2)n1,0.4,5.9,2123.1
50,Oc1cc2ccccc2c(-c(ncc(c2n3)c(N4CC(CC5)NC5C4)nc3OC[C@H]3NCCC3)c2F)c1,2.1,2.5,15404.5
51,Oc1cc2ccccc2c(-c(ncc(c2n3)c(N4CC(CC5)NC5C4)nc3OCC3(CC3)C(F)(F)F)c2F)c1,611.1,291.7,12066.6
52,Oc1cc2ccccc2c(-c(ncc(c2n3)c(N4CC(CC5)NC5C4)nc3OCC(C(F)F)(F)F)c2F)c1,507.4,318.3,8380
53,Fc(c1n2)c(-c3c4c(Cl)cccc4ccc3)ncc1c(N1CC(CC3)NC3C1)nc2OCC1COC1,4369.4,1881.4,
54,Fc(c1n2)c(-c3c4c(Cl)cccc4ccc3)ncc1c(N1CC(CC3)NC3C1)nc2OCC1(CCC2)N2CCCC1,117.5,68.7,>16666.7
55,OC[C@@H](COc1nc(N2CC(CC3)NC3C2)c(cnc(-c2c3c(Cl)cccc3ccc2)c2F)c2n1)O,22441.7,6131.3,
56,OC[C@H](COc1nc(N2CC(CC3)NC3C2)c(cnc(-c2c3c(Cl)cccc3ccc2)c2F)c2n1)O,5168.9,5916.7,
57,OCC(CCOc1nc(N2CC(CC3)NC3C2)c(cnc(-c2c3c(Cl)cccc3ccc2)c2F)c2n1)O,>1000000,7285.9,
58,OCC[C@@H](CO)Oc1nc(N2CC(CC3)NC3C2)c(cnc(-c2c3c(Cl)cccc3ccc2)c2F)c2n1,4733.6,2326.7,
59,OCC(COc1nc(N2CC(CC3)NC3C2)c(cnc(-c2c3c(Cl)cccc3ccc2)c2F)c2n1)c1cnccc1,1118.3,946.3,
60,[O-][NH2+]1(CCC2)C2(COc2nc(N3CC(CC4)NC4C3)c(cnc(-c3c4c(Cl)cccc4ccc3)c3F)c3n2)CCC1,>1000000,1660.7,>16666.7
61,OC(CCOc1nc(N2CC(CC3)NC3C2)c(cnc(-c2c3c(Cl)cccc3ccc2)c2F)c2n1)=O,115.5,4081,
62,Oc1c(C=O)cc(CCOc2nc(N3CC(CC4)NC4C3)c(cnc(-c3c4c(Cl)cccc4ccc3)c3F)c3n2)cc1,,8407.4,
63,CN1[C@H](COc2nc(N3CC(CC4)NC4C3)c(cnc(-c3c4c(Cl)cccc4cc(O)c3)c3F)c3n2)CCC1,,0.4,186.7
64,CC(C)(C)[Si](C)(C)OCC1N(CCC2)C2(COc2nc(N3CC(CC4)NC4C3)c(cnc(-c3c4c(Cl)cccc4cc(O)c3)c3F)c3n2)CC1,,3.3,3971
67,Oc1cc2ccccc2c(-c(ncc(c2n3)c(N4CC(CC5)NC5C4)nc3OCCc(cccc3)c3F)c2F)c1,1151.1,1245.6,
68,COCCCOc1nc(N2CC(CC3)NC3C2)c(cnc(-c2cc(O)cc3ccccc23)c2F)c2n1,292.8,256.6,7530.9
69,OCCOc1nc(N2CC(CC3)NC3C2)c(cnc(-c2cc(O)cc3ccccc23)c2F)c2n1,521.6,529.9,>16666.7
70,COCCOc1nc(N2CC(CC3)NC3C2)c(cnc(-c2cc(O)cc3ccccc23)c2F)c2n1,416.7,356.2,
71,Oc1cc2ccccc2c(-c2ncc3c(N4CC(CC5)NC5C4)nc(OC(CC4)CCS4(=O)=O)nc3c2F)c1,137.6,125.7,>16666.7
72,Oc1cc2ccccc2c(-c(ncc(c2n3)c(N4CC(CC5)NC5C4)nc3OC3CCOCC3)c2F)c1,507.2,512.9,7260.8
73,Oc1cc2ccccc2c(-c(ncc(c2n3)c(N4CC(CC5)NC5C4)nc3OCC3CCCC3)c2F)c1,666744.3,572.7,>5555.6
74,Oc1cc2ccccc2c(-c(ncc2c(N3CC(CC4)NC4C3)nc(N(C3)CC33CCOCC3)nc22)c2F)c1,140.6,188.2,5465.1
75,OCCCOc1nc(N2CC(CC3)NC3C2)c(cnc(-c2cc(O)cc3ccccc23)c2F)c2n1,303.7,240.4,>16666.7
76,Oc1cc2ccccc2c(-c(ncc2c(N3CC(CC4)NC4C3)nc(N(C3)CC33COCC3)nc22)c2F)c1,196.9,131.2,7412.9
77,OC[C@H](CCC1)N1c1nc(N2CC(CC3)NC3C2)c(cnc(-c2cc(O)cc3ccccc23)c2F)c2n1,3065.8,3137.6,
78,CC(N(CC1)CCC1Oc1nc(N2CC(CC3)NC3C2)c(cnc(-c2cc(O)cc3ccccc23)c2F)c2n1)=O,367.5,358.3,>16666.7
79,Oc1cc2ccccc2c(-c2ncc3c(N4CC(CC5)NC5C4)nc(OC4CCSCC4)nc3c2F)c1,>1000000,336.5,
80,Oc1cc2ccccc2c(-c(ncc(c2n3)c(N4CC(CC5)NC5C4)nc3OC(CC3)CCC3(F)F)c2F)c1,>500000,646.9,
81,Oc1cc2ccccc2c(-c(ncc(c2n3)c(N4CC(CC5)NC5C4)nc3OCCC(F)(F)F)c2F)c1,320.6,152.9,8288.3
82,Oc1cc2ccccc2c(-c2ncc3c(N4CC(CC5)NC5C4)nc(OC(CC4)CCS4=O)nc3c2F)c1,214.8,226.8,>16666.7
83,O=C1N(CCC2)C2(COc2nc(N3CC(CC4)NC4C3)c(cnc(-c3c4c(Cl)cccc4ccc3)c3F)c3n2)CC1,,8694.9,
84,Cc1nccn1CCOc1nc(N2CC(CC3)NC3C2)c(cnc(-c2cc(O)cc3ccccc23)c2F)c2n1,14.4,31.7,5722.3
85,CC(C)Cn1c(CCOc2nc(N3CC(CC4)NC4C3)c(cnc(-c3cc(O)cc4ccccc34)c3F)c3n2)ncc1,147.8,453.7,>16666.7
86,COc1ncc(CCOc2nc(N3CC(CC4)NC4C3)c(cnc(-c3c4c(Cl)cccc4ccc3)c3F)c3n2)cc1,527559.5,7919.9,
87,Cc1cccc(CCOc2nc(N3CC(CC4)NC4C3)c(cnc(-c3cc(O)cc4ccccc34)c3F)c3n2)n1,195.8,535.6,10553.8
88,Cc(ccc1c2cn[nH]1)c2-c(ncc(c1n2)c(N3CC(CC4)NC4C3)nc2OCCc2nccn2C)c1F,15593.2,7021.4,
89,Oc1cc2ccccc2c(-c(ncc(c2n3)c(N4CC(CC5)NC5C4)nc3OCc3ncccc3)c2F)c1,4308.7,679.3,
90,Fc1ccc(cccc2-c(ncc(c3n4)c(N5CC(CC6)NC6C5)nc4OCCc4cnccc4)c3F)c2c1,7805.4,4494.9,
91,CC(C)n1c(CCOc2nc(N3CC(CC4)NC4C3)c(cnc(-c(c3ccccc3cc3)c3O)c3F)c3n2)ncc1,25.9,32.7,5514.1
92,Fc(c1n2)c(-c3c4c(Cl)cccc4ccc3)ncc1c(N1CC(CC3)NC3C1)nc2OCCc1cn(cccc2)c2n1,2303.5,1348.4,
93,FC1(CN(CCC2)C2(COc2nc(N3CC(CC4)NC4C3)c(cnc(-c3c4c(Cl)cccc4ccc3)c3F)c3n2)C1)F,,104.6,>16666.7
94,Cn1c(CCOc2nc(N3CC(CC4)NC4C3)c(cnc(-c3cccc4ccccc34)c3F)c3n2)ncc1,7462.4,3652.5,
95,Cn1c(COc2nc(N3CC(CC4)NC4C3)c(cnc(-c3cc(O)cc4ccccc34)c3F)c3n2)cnc1,1129,561,
96,Oc1cc2ccccc2c(-c(ncc(c2n3)c(N4CC(CC5)NC5C4)nc3OCCc3ccccc3)c2F)c1,709.6,2221,
97,Fc(c1n2)c(-c3c4c(Cl)cccc4ccc3)ncc1c(N1CC(CC3)NC3C1)nc2OCC1N(Cc2ccccc2)CCC1,5916.9,934.1,
98,Fc(ccc1cccc(-c(ncc(c2n3)c(N4CC(CC5)NC5C4)nc3OCC3(CCC4)N4CCC3)c2F)c11)c1Cl,,1,388.6
99,Oc1cc2ccccc2c(-c(ncc(c2n3)c(N4CC(CC5)NC5C4)nc3OCc3cnccc3)c2F)c1,896.6,623.8,
100,Cc1c2c(-c(ncc(c3n4)c(N5CC(CC6)NC6C5)nc4OCCc4nccn4C)c3F)cccc2ccc1,1089.4,1949.7,
101,Cc1c2c(-c(ncc(c3n4)c(N5CC(CC6)NC6C5)nc4OCCc4cnccc4)c3F)cccc2ccc1,11958.2,8081.6,
102,Oc1cc2ccccc2c(-c(ncc(c2n3)c(N4CC(CC5)NC5C4)nc3OCCc(cc3)ncc3F)c2F)c1,259.1,95.8,7955.9
103,Fc(c1n2)c(-c3c4c(Cl)cccc4ccc3)ncc1c(N1CC(CC3)NC3C1)nc2OCCCN1[C@@H](C2)CO[C@@H]2C1,271.2,371,>16666.7
104,Cn1c(COc2nc(N3CC(CC4)NC4C3)c(cnc(-c3cc(O)cc4ccccc34)c3F)c3n2)ncc1,362,1675.8,>16666.7
105,COc1nc(N2CC(CC3)NC3C2)c(cnc(-c2cc(O)cc3ccccc23)c2F)c2n1,2264.8,867.1,
106,Oc1cc2ccccc2c(-c(ncc(c2n3)c(N4CC(CC5)NC5C4)nc3OCCc3cnccc3)c2F)c1,53.5,155.9,3096.3
107,CN(C)CCOc1nc(N2CC(CC3)NC3C2)c(cnc(-c2c3c(Cl)cccc3ccc2)c2F)c2n1,1437,2118.1,
108,Fc(c1n2)c(-c3cccc4ccccc34)ncc1c(N1CC(CC3)NC3C1)nc2OC[C@H]1N(Cc2ccccc2)CCC1,63516.8,4841.5,
109,Oc1cc2ccccc2c(-c(ncc(c2n3)c(N4CC(CC5)NC5C4)nc3OCC3(CCC4)N4CCC3)c2F)c1,>500000,0.5,330.5
110,Cn1c(CCOc2nc(N3CC(CC4)NC4C3)c(cnc(-c3cc(O)cc4ccccc34)c3F)c3n2)cnc1,42.3,57.5,>16666.7
111,Cn1c(CCNc2nc(N3CC(CC4)NC4C3)c(cnc(-c3cc(O)cc4ccccc34)c3F)c3n2)ncc1,275.8,281,
112,Cn1c(CCOc2nc(N3CC(CC4)NC4C3)c(cnc(-c(c3c4)cccc3ccc4F)c3F)c3n2)ncc1,983.3,718.4,
113,Fc(c1n2)c(-c3c4c(Cl)cccc4ccc3)ncc1c(N1CC(CC3)NC3C1)nc2OCCc1cnccc1,2503.9,2866.1,
114,Cn1c(CCOc2nc(N3CC(CC4)NC4C3)c(cnc(-c3c4c(Cl)cccc4ccc3)c3F)c3n2)ncc1,383.7,482.1,10259.6
115,CN(C1)[C@H](COc2nc(N3CC(CC4)NC4C3)c(cnc(-c3c4c(Cl)cccc4ccc3)c3F)c3n2)C[C@H]1F,333377,174.3,9514
116,Cc1c2c(-c3ncc4c(N5CC(CC6)NC6C5)nc(OC[C@H]5N(C)CCC5)nc4c3)cccc2ccc1,3628.8,1437.7,
117,CN1[C@H](COc2nc(N3CC(CC4)NC4C3)c(cnc(-c3cccc4cccc(CCC#N)c34)c3F)c3n2)CCC1,1004.8,731.5,
118,OC(C(F)(F)F)=O.Oc1cc2ccccc2c(-c(ncc2c(N3CC(CC4)NC4C3)nc(N3CCCC3)nc22)c2F)c1,1061.5,476.6,>16666.7
119,OC(C(F)(F)F)=O.Oc1cc2ccccc2c(-c(ncc2c(N3CC(CC4)NC4C3)nc(N3CCC3)nc22)c2F)c1,511.4,684.3,3700.2
120,CN(C)C(C1)CN1c1nc(N2CC(CC3)NC3C2)c(cnc(-c2cc(O)cc3ccccc23)c2F)c2n1,42.1,28.8,2092.9
121,OC[C@H](CC1)N1c1nc(N2CC(CC3)NC3C2)c(cnc(-c2cc(O)cc3ccccc23)c2F)c2n1.OC(C(F)(F)F)=O,197,204.2,4077.1
122,CN(C)C(C1)CN1c1nc(N2CC(CC3)NC3C2)c(cnc(-c2c3c(Cl)cccc3ccc2)c2F)c2n1,3417.4,3265.3,>16666.7
123,CN1[C@H](COc2nc(N3CC(CC4)NC4C3)c(cnc(-c3c4c(Cl)cccc4ccc3)c3)c3n2)CCC1,785.7,754.4,
124,CC(C1)(CN1c1nc(N2CC(CC3)NC3C2)c(cnc(-c2cc(O)cc3ccccc23)c2F)c2n1)N,22.7,8.6,11087.4
125,CC(C1)(CN1c1nc(N2CC(CC3)NC3C2)c(cnc(-c2c3c(Cl)cccc3ccc2)c2F)c2n1)N,,667.5,
126,CCC(C1)(CN1c1nc(N2CC(CC3)NC3C2)c(cnc(-c2cc(O)cc3ccccc23)c2F)c2n1)N,16.1,9.9,3470.6
127,CC(C1)(CN1c1nc(N2CC(CC3)NC3C2)c(cnc(-c2c3c(Cl)cccc3ccc2)c2F)c2n1)N(C)C,864.1,,>16666.7
128,CCC(C1)(CN1c1nc(N2CC(CC3)NC3C2)c(cnc(-c2c3c(Cl)cccc3ccc2)c2F)c2n1)N,,500.6,
129,FC1(CC(CCOc2nc(N3CC(CC4)NC4C3)c(cnc(-c3c4c(Cl)cccc4ccc3)c3F)c3n2)C1)F,,4092.5,
130,Fc1c(-c2c3c(Cl)cccc3ccc2)ncc2c(N3CC(CC4)NC4C3)nc(N(C3)CC33NCC3)nc12,,1647,
131,CN(CC(COc1nc(N2CC(CC3)NC3C2)c(cnc(-c2c3c(Cl)cccc3ccc2)c2F)c2n1)C1)C1=O,1553,423.9,>16666.7
132,CN1[C@H](COc2nc(N3CC(CC4)NC4C3)c(cnc(-c3c4c(Cl)cccc4ccc3)c3F)c3n2)CCC1,64.7,60.5,2558.7
133,CC(CCCc1ccc2)c1c2-c(ncc(c1n2)c(N3CC(CC4)NC4C3)nc2OC[C@H]2N(C)CCC2)c1F,112.6,48.8,2048.8
134,F[C@H]1CN(CCC2)[C@]2(COc2nc(N3CC(CC4)NC4C3)c(cnc(-c3c4c(Cl)cccc4ccc3)c3F)c3n2)C1,6.9,3.7,895.4
135,OCC1N(CCC2)C2(COc2nc(N3CC(CC4)NC4C3)c(cnc(-c3c4c(Cl)cccc4ccc3)c3F)c3n2)CC1,,2.1,4820.9
136,Fc(c1n2)c(-c3c4c(Cl)cccc4ccc3)ncc1c(N1CC(CC3)NC3C1)nc2OC[C@H]1OCCC1,,5150.6,
137,Fc(c1n2)c(-c3c4c(Cl)cccc4ccc3)ncc1c(N1CC(CC3)NC3C1)nc2OC[C@@H]1OCCC1,,2633.4,
138,C[C@H](COc1nc(N2CC(CC3)NC3C2)c(cnc(-c2c3c(Cl)cccc3ccc2)c2F)c2n1)OC,,8067.8,
139,Nc1cccc(CCOc2nc(N3CC(CC4)NC4C3)c(cnc(-c3cc(O)cc4ccccc34)c3F)c3n2)n1,25.4,113.3,5245.1
140,COc1cccnc1CCOc1nc(N2CC(CC3)NC3C2)c(cnc(-c2cc(O)cc3ccccc23)c2F)c2n1,5591.7,5161.4,
141,Nc1ncc(CCOc2nc(N3CC(CC4)NC4C3)c(cnc(-c3c4c(Cl)cccc4ccc3)c3F)c3n2)cc1,,891.1,>16666.7
142,Fc(c1n2)c(-c3c4c(Cl)cccc4ccc3)ncc1c(N1CC(CC3)NC3C1)nc2OC(CC1)Cc2c1[nH]nc2,13834,8846.4,
143,Fc(c1n2)c(-c3c4c(Cl)cccc4ccc3)ncc1c(N1CC(CC3)NC3C1)nc2OC(CC1)Cc2c1cn[nH]2,14933.6,4563.2,
144,Cn1nccc1CCOc1nc(N2CC(CC3)NC3C2)c(cnc(-c2c3c(Cl)cccc3ccc2)c2F)c2n1,,1702.3,
145,Cn1nc(CCOc2nc(N3CC(CC4)NC4C3)c(cnc(-c3c4c(Cl)cccc4ccc3)c3F)c3n2)cc1,,5002.5,
146,Cn1ncc(CCOc2nc(N3CC(CC4)NC4C3)c(cnc(-c3c4c(Cl)cccc4ccc3)c3F)c3n2)c1,,2285.7,
147,Fc(c1n2)c(-c3c4c(Cl)cccc4ccc3)ncc1c(N1CC(CC3)NC3C1)nc2OCCn1nccc1,18778.9,5876.2,
148,Cn1c(cc(cc2)Oc3nc(N4CC(CC5)NC5C4)c(cnc(-c4c5c(Cl)cccc5ccc4)c4F)c4n3)c2nc1,,5180,
149,CN(C1)[C@H](COc2nc(N3CC(CC4)NC4C3)c(cnc(-c3c4c(Cl)cccc4ccc3)c3F)c3n2)C[C@@H]1OC,,869.5,
150,Fc(c1n2)c(-c3c4c(Cl)cccc4ccc3)ncc1c(N1CC(CC3)NC3C1)nc2OCc1cccn2c1ncc2,,1981.1,
151,CN1[C@H](COc2nc(N3CC(CC4)NC4C3)c(cnc(-c3c4c(Cl)cccc4cnc3)c3F)c3n2)CCC1,,387.5,
152,O[C@H](C1)[C@@H](C2)N[C@H]1CN2c1c(cnc(-c2c3c(Cl)cccc3ccc2)c2F)c2nc(N2CCC2)n1,,2647.1,>50000
153,CC(C)N1[C@H](COc2nc(N3C[C@H]([C@@H](C4)O)N[C@H]4C3)c(cnc(-c3c4c(Cl)cccc4ccc3)c3F)c3n2)CCC1,448,50.8,2369.2
154,Cn1c(CCOc2nc(N3CC(CC4)NC4C3)c(cnc(-c3c4c(Cl)cccc4ccc3)c3F)c3n2)nnc1,,6533.8,
155,O[C@H](C1)[C@@H](C2)N[C@H]1CN2c1c(cnc(-c2c3c(Cl)cccc3ccc2)c2F)c2nc(OCCC(F)(F)F)n1,70.5,3417,
156,CC(CC1)(C2)NC1CN2c1c(cnc(-c2cc(O)cc3ccccc23)c2F)c2nc(OC[C@H]2N(C)CCC2)n1,500006,9.1,1786.9
157,CN1[C@H](COc2nc(N3CC(CCC#N)(CC4)NC4C3)c(cnc(-c3cc(O)cc4ccccc34)c3F)c3n2)CCC1,22.9,26.6,7998.7
158,CN1[C@H](COc2nc(N3CC(CC4)(C(OC)=O)NC4C3)c(cnc(-c3cc(O)cc4ccccc34)c3F)c3n2)CCC1,329.9,73.7,4222.3
159,CN1[C@H](COc2nc(N3CC(CC4)(C(N)=O)NC4C3)c(cnc(-c3cc(O)cc4ccccc34)c3F)c3n2)CCC1,,331,>16666.7
160,CN1[C@H](COc(nc(c2cnc3-c4cc(O)cc5ccccc45)N(CC(CC4)N5)CC45Cl)nc2c3F)CCC1,0.3,120.3,6930.7
161,CC(C)(CCc1ccc2)c1c2-c(ncc(c1n2)c(N3CC(CC4)NC4C3)nc2OC[C@H]2N(C)CCC2)c1F,403.2,273.2,>16666.7
162,CN1[C@H](COc2nc(N3CC(CC4)NC4C3)c(cnc(-c3c(C4(CC4)CC4)c4ccc3)c3F)c3n2)CCC1,554.6,677.3,>16666.7
163,O=C(CCl)N(CC1)CCC1Oc1nc(N2CC(CC3)NC3C2)c(cnc(-c2c3c(Cl)cccc3ccc2)c2F)c2n1,,5552.5,>16666.7
164,O=C(c(cc1)ccc1S(F)(=O)=O)NCCOc1nc(N2CC(CC3)NC3C2)c(cnc(-c2c3c(Cl)cccc3ccc2)c2F)c2n1,,4046,>16666.7
165,CN(C1)[C@H](CCOc2nc(N3CC(CC4)NC4C3)c(cnc(-c3c4c(Cl)cccc4ccc3)c3F)c3n2)C[C@H]1NC(c(cc1)ccc1S(F)(=O)=O)=O,,97.8,11068.5
166,O[C@H](C1)[C@@H](C2)N[C@H]1CN2c1c(cnc(-c2c3c(Cl)cccc3ccc2)c2F)c2nc(OCCc2nccn2C(F)F)n1,,1286.1,
167,Cc1nccn1CCOc1nc(N2C[C@H]([C@@H](C3)O)N[C@H]3C2)c(cnc(-c2c3c(Cl)cccc3ccc2)c2F)c2n1,,226.2,16142.4
168,O[C@H](C1)[C@@H](C2)N[C@H]1CN2c1c(cnc(-c2c3c(Cl)cccc3ccc2)c2F)c2nc(OCCn2c(CF)ncc2)n1,,583,>16666.7
169,O[C@H](C1)[C@@H](C2)N[C@H]1CN2c1c(cnc(-c2c3c(Cl)cccc3ccc2)c2F)c2nc(OCCn2c(C(F)(F)F)ncc2)n1,,656.9,
170,O[C@H](C1)[C@@H](C2)N[C@H]1CN2c1c(cnc(-c2c3c(Cl)cccc3ccc2)c2F)c2nc(OCCc2nccn2CF)n1,,841.7,
171,OCc1nccn1CCOc1nc(N2CC(CC3)NC3C2)c(cnc(-c2c3c(Cl)cccc3ccc2)c2F)c2n1,,757.4,
172,O[C@H](C1)[C@@H](C2)N[C@H]1CN2c1c(cnc(-c2c3c(Cl)cccc3ccc2)c2F)c2nc(OCCn2c(C(F)F)ncc2)n1,,,
173,Cn1c(CCOc2nc(N3C[C@H]([C@@H](C4)O)N[C@H]4C3)c(cnc(-c3c4c(Cl)cccc4ccc3)c3F)c3n2)ncc1,116.7,99.2,10504.3
174,CC(CCc1ccc2)c1c2-c(ncc(c1n2)c(N3CC(CC4)NC4C3)nc2OC[C@H]2N(C)CCC2)c1F,186.1,63.9,12816.8
175,Cc1cc(-c(ncc(c2n3)c(N4CC(CC5)NC5C4)nc3OCC3(CCC4)N4CCC3)c2F)c2c(Cl)cccc2c1,,63.8,>5555.6
176,NC(NCCOc1nc(N2CC(CC3)NC3C2)c(cnc(-c2c3c(Cl)cccc3ccc2)c2F)c2n1)=N,,235.1,
177,NC(NCCCOc1nc(N2CC(CC3)NC3C2)c(cnc(-c2c3c(Cl)cccc3ccc2)c2F)c2n1)=N,,187.1,
178,Nc1nccn1CCOc1nc(N2CC(CC3)NC3C2)c(cnc(-c2c3c(Cl)cccc3ccc2)c2F)c2n1,,105,>16666.7
179,C#Cc1c2c(-c(ncc(c3n4)c(N5CC(CC6)NC6C5)nc4OCC4(CCC5)N5CCC4)c3F)cccc2ccc1,0.1,1.1,71.2
180,Fc(c1n2)c(-c3cccc4cccc(-c5cnn[nH]5)c34)ncc1c(N1CC(CC3)NC3C1)nc2OCC1(CCC2)N2CCC1,,76.1,>16666.7
181,Oc1cc2ccccc2c(-c(ncc2c(N3CC(CC4)NC4C3)ncnc22)c2F)c1,,572.5,12839.1
182,Nc1nc(N2CC(CC3)NC3C2)c(cnc(-c2cc(O)cc3ccccc23)c2F)c2n1.OC=O,,269.1,13549.2
183,CNc1nc(N2CC(CC3)NC3C2)c(cnc(-c2cc(O)cc3ccccc23)c2F)c2n1,,393.3,5252.5
184,CN(C)c1nc(N2CC(CC3)NC3C2)c(cnc(-c2cc(O)cc3ccccc23)c2F)c2n1,,1990.6,
185,C#Cc1c2c(-c(ncc(c3n4)c(N5CC(CC6)NC6C5)nc4OCC4(CCC5)N5CCC4)c3F)cc(O)cc2ccc1,,0.3,7.1
186,Fc(c1n2)c(-c3cccc4ccccc34)ncc1c(N1CC(CC3)NC3C1)nc2OCC1(CCC2)N2CCC1,,29.2,3383.1
187,CCc1c2c(-c(ncc(c3n4)c(N5CC(CC6)NC6C5)nc4OCC4(CCC5)N5CCC4)c3F)cccc2ccc1,,1.7,450.1
188,C#Cc1c2c(-c(ncc3c(N4CC(CC5)NC5C4)ncnc33)c3F)cccc2ccc1,,1919.7,
189,C#Cc1c2c(-c(ncc(c3n4)c(N5CC(CC6)NC6C5)nc4OCC4(CCC5)N5CCC4)c3F)cccc2ccc1F,,0.5,24.1
190,Cc(c(-c1cc(O)cc2ccccc12)ncc1c(N2CC(CC3)NC3C2)n2)c1nc2OC[C@H]1N(C)CCC1,76.1,64.1,16314.3
191,CN1[C@H](COc2nc(N3CC(CC4)NC4C3)c(cnc(-c3cc(O)cc4ccccc34)c3Cl)c3n2)CCC1,,69.1,5047
192,CN1[C@H](COc2nc(N3CC(CC4)NC4C3)c(cnc(-c3cccc4cccc(C#N)c34)c3F)c3n2)CCC1,,224.9,
193,OCC#Cc1c2c(-c(ncc(c3n4)c(N5CC(CC6)NC6C5)nc4OCC4(CCC5)N5CCC4)c3F)cccc2ccc1,,12.5,8517.9
194,CN1[C@H](COc2nc(N3CC(CC4)NC4C3)c(cnc(-c3cccc4cccc(C#CCO)c34)c3F)c3n2)CCC1,,150.8,
195,CC#Cc1c2c(-c(ncc(c3n4)c(N5CC(CC6)NC6C5)nc4OCC4(CCC5)N5CCC4)c3F)cccc2ccc1,,20.7,2461.5
196,FC(Oc1ccc2)(Oc1c2-c(ncc(c1n2)c(N3CC(CC4)NC4C3)nc2OCC2(CCC3)N3CCC2)c1F)F,,467,
197,FC(c1cccc(-c(ncc(c2n3)c(N4CC(CC5)NC5C4)nc3OCC3(CCC4)N4CCC3)c2F)c1C(F)(F)F)(F)F,,99.9,>16666.7
198,N#Cc1c2c(-c(ncc(c3n4)c(N5CC(CC6)NC6C5)nc4OCC4(CCC5)N5CCC4)c3F)cccc2ccc1,,20.3,2425.5
199,CSc1cccc2cccc(-c(ncc(c3n4)c(N5CC(CC6)NC6C5)nc4OCC4(CCC5)N5CCC4)c3F)c12,,2,464.8
200,Fc(c1n2)c(-c3c4c(Cl)cccc4ccc3)ncc1c(N1CC(CC3)NC3C1)nc2OCC1(CCC2)N2CCOC1,,229.7,
201,CN1[C@H](COc2nc(N3CC(CC4)NC4C3)c(cnc(-c3cccc4cccc(C=C)c34)c3F)c3n2)CCC1,,70.2,13915.2
202,CN(C1)[C@H](COc2nc(N3CC(CC4)NC4C3)c(cnc(-c3c4c(Cl)cccc4ccc3)c3F)c3n2)C[C@H]1OCCOC,,94,10186.8
203,F[C@@H]1CN(CCC2)[C@@]2(COc2nc(N3CC(CC4)NC4C3)c(cnc(-c3c4c(Cl)cccc4cnc3)c3F)c3n2)C1,,28.1,2183.2
204,C#Cc1c2c(-c(ncc(c3n4)c(N5CC(CC6)NC6C5)nc4OC[C@@](CCC4)(C5)N4C[C@H]5F)c3F)cncc2ccc1,,4.4,306.7
205,C#Cc1c2c(-c(ncc(c3n4)c(N5CC(CC6)NC6C5)nc4OC[C@@](CCC4)(C5)N4C[C@H]5F)c3F)cccc2ccc1,,1.2,242.1
206,CN1[C@H](COc2nc(N3CC(CC4)NC4C3)c(cnc(-c3cccc4cccc(C#C)c34)c3F)c3n2)CCC1,,5.1,899.6
207,Cc1ccc2c(-c(ncc(c3n4)c(N5CC(CC6)NC6C5)nc4OC[C@H]4N(C)CCC4)c3F)cccc2c1,,4906.8,
208,CN(C1)[C@H](COc2nc(N3CC(CC4)NC4C3)c(cnc(-c3c4c(Cl)cccc4ccc3)c3F)c3n2)C[C@H]1Oc1cc(S(F)(=O)=O)ccc1,,1836.7,>16666.7
209,CN(C1)[C@H](COc2nc(N3CC(CC4)NC4C3)c(cnc(-c3c4c(Cl)cccc4ccc3)c3F)c3n2)C[C@H]1Oc(cc1)ccc1S(F)(=O)=O,,2746.7,>16666.7
210,CN(CC1)[C@H](COc2nc(N3CC(CC4)NC4C3)c(cnc(-c3c4c(Cl)cccc4ccc3)c3F)c3n2)[C@H]1Oc1cc(S(F)(=O)=O)ccc1,,5464.7,>16666.7
211,CN(C1)[C@H](COc2nc(N3CC(CC4)NC4C3)c(cnc(-c3c4c(Cl)cccc4ccc3)c3F)c3n2)C[C@H]1NC(c1cc(S(F)(=O)=O)ccc1)=O,,211.5,13506.7
212,Oc1cc2ccccc2c(-c2ncc3c(N4CC(CC5)NC5C4)nc(OCCNC(c(cc4)ccc4S(F)(=O)=O)=O)nc3c2F)c1,,1218.4,
213,Oc1cc2ccccc2c(-c2ncc3c(N4CC(CC5)NC5C4)nc(OCCNC(c4cccc(S(F)(=O)=O)c4)=O)nc3c2F)c1,,7529,
214,CN1[C@H](COc2nc(N3CC(CC4)(C=O)NC4C3)c(cnc(-c3cc(O)cc4ccccc34)c3F)c3n2)CCC1,283.6,,>16666.7
215,CN1[C@H](COc2nc(N3CC(CO)(CC4)NC4C3)c(cnc(-c3cc(O)cc4ccccc34)c3F)c3n2)CCC1,70.4,,>16666.7
216,Oc1cc2ccccc2c(-c(ncc(c2n3)c(N4CC(CC5)NC5C4)nc3OC[C@@](CCC3)(C4)N3C[C@H]4F)c2F)c1,1.7,0.9,51
217,Oc1cc2ccccc2c(-c(ncc(c2n3)c(N4CC(CC5)NC5C4)nc3OCc(cccc3)c3F)c2F)c1,2977,,
218,Fc1c2c(-c(ncc3c(N4CC(CC5)NC5C4)nc(CCC4(CCC5)N5CCC4)nc33)c3F)cccc2ccc1,,1600,
219,CO[C@H]1CN(CCC2)[C@]2(COc2nc(N3CC(CC4)NC4C3)c(cnc(-c3c4c(Cl)cccc4ccc3)c3F)c3n2)C1,8.1,8.1,2032
220,Cn1ncc([C@H]2CN(CCC3)[C@]3(COc3nc(N4CC(CC5)NC5C4)c(cnc(-c4c5c(Cl)cccc5ccc4)c4F)c4n3)C2)c1,,8.7,1344.9
221,Fc(c1n2)c(-c3c4c(Cl)cccc4ccc3)ncc1c(N1CC(CC3)NC3C1)nc2OC[C@](CCC1)(C2)N1C[C@@H]2c1ccccc1,,15.7,15840.8
222,OCC(CCC1)(C2)N1CC2Oc1nc(N2CC(CC3)NC3C2)c(cnc(-c2c3c(Cl)cccc3ccc2)c2F)c2n1,,1126.7,
223,O[C@H]1CN(CCC2)[C@]2(COc2nc(N3CC(CC4)NC4C3)c(cnc(-c3c4c(Cl)cccc4ccc3)c3F)c3n2)C1,,7.1,4272.7
224,O[C@H]1CN(CCC2)[C@@]2(COc2nc(N3CC(CC4)NC4C3)c(cnc(-c3c4c(Cl)cccc4ccc3)c3F)c3n2)C1,,27,6375.8
225,CO[C@H]1CN(CCC2)[C@@]2(COc2nc(N3CC(CC4)NC4C3)c(cnc(-c3c4c(Cl)cccc4ccc3)c3F)c3n2)C1,,9.2,3058.3
226,F[C@H]1CN(CCC2)[C@@]2(COc2nc(N3CC(CC4)NC4C3)c(cnc(-c3c4c(Cl)cccc4ccc3)c3F)c3n2)C1,,25.9,6745.4
227,C[C@@H]1CN(CCC2)[C@@]2(COc2nc(N3CC(CC4)NC4C3)c(cnc(-c3c4c(Cl)cccc4ccc3)c3F)c3n2)C1,,6.4,2976
228,CC1(C)CN(CCC2)C2(COc2nc(N3CC(CC4)NC4C3)c(cnc(-c3c4c(Cl)cccc4ccc3)c3F)c3n2)C1,,87.7,13718.5
229,FC(Oc(cccc1)c1-c(ncc(c1n2)c(N3CC(CC4)NC4C3)nc2OCC2(CCC3)N3CCC2)c1F)(F)F,,121,11330.3
230,FC(Oc(c(-c(ncc(c1n2)c(N3CC(CC4)NC4C3)nc2OCC2(CCC3)N3CCC2)c1F)ccc1)c1Cl)(F)F,,1433.1,
231,COc1cc2cccc(C#C)c2c(-c(ncc(c2n3)c(N4CC(CC5)NC5C4)nc3OCC3(CCC4)N4CCC3)c2F)c1,,19.8,2806.1
232,C#Cc1c2c(-c(ncc(c3n4)c(N5CC(CC6)NC6C5)nc4OCC4(CCC5)N5CCC4)c3F)cc(O)cc2ccc1F,,0.6,15.2
233,C(C1(CCC2)N2CCC1)Oc1nc2cc(-c3cccc4ccccc34)ncc2c(N2CC(CC3)NC3C2)n1,,387.2,15568.1
234,Fc1c2c(-c(ncc(c3n4)c(N5CC(CC6)NC6C5)nc4OCC4(CCC5)N5CCC4)c3F)cccc2ccc1,,5.9,409
235,Fc(c1n2)c(-c3c4c(Br)cccc4ccc3)ncc1c(N1CC(CC3)NC3C1)nc2OCC1(CCC2)N2CCC1,,1.2,338.6
236,COc1c2c(-c(ncc(c3n4)c(N5CC(CC6)NC6C5)nc4OCC4(CCC5)N5CCC4)c3F)cccc2ccc1,,25,2626.3
237,Oc1c2c(-c(ncc(c3n4)c(N5CC(CC6)NC6C5)nc4OCC4(CCC5)N5CCC4)c3F)cccc2ccc1,,500.3,
238,OCc1c2c(-c(ncc(c3n4)c(N5CC(CC6)NC6C5)nc4OCC4(CCC5)N5CCC4)c3F)cccc2ccc1,,16.1,4656.9
239,OCCc1c2c(-c(ncc(c3n4)c(N5CC(CC6)NC6C5)nc4OCC4(CCC5)N5CCC4)c3F)cccc2ccc1,,2,2951.1
240,NC(Cc1c2c(-c(ncc(c3n4)c(N5CC(CC6)NC6C5)nc4OCC4(CCC5)N5CCC4)c3F)cccc2ccc1)=O,,314.8,>16666.7
241,NCC#Cc1c2c(-c(ncc(c3n4)c(N5CC(CC6)NC6C5)nc4OCC4(CCC5)N5CCC4)c3F)cccc2ccc1,,79.2,>16666.7
242,CCC#Cc1c2c(-c(ncc(c3n4)c(N5CC(CC6)NC6C5)nc4OCC4(CCC5)N5CCC4)c3F)cccc2ccc1,,82.2,>16666.7
243,C#Cc1c2c(-c(ncc(c3n4)c(N5CC(CC6)NC6C5)nc4OC[C@](CCC4)(C5)N4C[C@@H]5F)c3F)cc(O)cc2ccc1,,0.4,0.8
244,C#Cc1c2c(-c(ncc3c(N4CC(CC5)NC5C4)ncnc33)c3F)cc(O)cc2ccc1,,4.2,763
245,Oc(cc1cc2)cc(-c(ncc(c3n4)c(N5CC(CC6)NC6C5)nc4OCC4(CCC5)N5CCC4)c3F)c1c(Cl)c2F,,0.5,23.4
246,Oc(cc(c1c2F)-c(ncc(c3n4)c(N5CC(CC6)NC6C5)nc4OC[C@](CCC4)(C5)N4C[C@@H]5F)c3F)cc1ccc2F,,0.6,1
247,FC(Cc1c2c(-c(ncc(c3n4)c(N5CC(CC6)NC6C5)nc4OCC4(CCC5)N5CCC4)c3F)cccc2ccc1)F,,12.6,4310.5
248,FCCc1c2c(-c(ncc(c3n4)c(N5CC(CC6)NC6C5)nc4OCC4(CCC5)N5CCC4)c3F)cccc2ccc1,,3.2,1082.8
249,Cc1cc([nH]nc2)c2c(-c(ncc(c2n3)c(N4CC(CC5)NC5C4)nc3OCC3(CCC4)N4CCC3)c2F)c1C,,3.5,7705.6
250,Cc1cc([nH]cc2)c2c(-c(ncc(c2n3)c(N4CC(CC5)NC5C4)nc3OCC3(CCC4)N4CCC3)c2F)c1C,,28.2,7477.7
251,Oc1cc(-c(ncc(c2n3)c(N4CC(CC5)NC5C4)nc3OC[C@](CCC3)(C4)N3C[C@@H]4F)c2F)c2c(Cl)cccc2c1,,0.2,10.3
252,C#Cc1c2c(-c(ncc(c3n4)c(N5CC(CC6)NC6C5)nc4OC[C@](CCC4)(C5)N4C[C@@H]5F)c3F)cc(O)cc2ccc1F,,0.4,0.8
253,CCc1c2c(-c(ncc(c3n4)c(N5CC(CC6)NC6C5)nc4OC[C@](CCC4)(C5)N4C[C@@H]5F)c3F)cc(O)cc2ccc1F,,0.8,2
254,CCCc1c2c(-c(ncc(c3n4)c(N5CC(CC6)NC6C5)nc4OCC4(CCC5)N5CCC4)c3F)cccc2ccc1,,6.1,2428.8
255,FCCCc1c2c(-c(ncc(c3n4)c(N5CC(CC6)NC6C5)nc4OCC4(CCC5)N5CCC4)c3F)cccc2ccc1,,8.7,673.4
256,Cc(ccc(O)c1)c1-c(ncc(c1n2)c(N3CC(CC4)NC4C3)nc2OCC2(CCC3)N3CCC2)c1F,,13.2,>16666.7
257,Fc(c1n2)c(-c3c(cn[nH]4)c4cc4ccccc34)ncc1c(N1CC(CC3)NC3C1)nc2OCC1(CCC2)N2CCC1,,5.1,530.7
258,FC(Oc(ccc1c2cn[nH]1)c2-c(ncc(c1n2)c(N3CC(CC4)NC4C3)nc2OCC2(CCC3)N3CCC2)c1F)(F)F,,6.5,1460.4
259,CCc1c2c(-c(ncc(c3n4)c(N5CC(CC6)NC6C5)nc4OC[C@](CCC4)(C5)N4C[C@@H]5F)c3F)cc(O)cc2ccc1,,0.8,3.9
260,CN(C1)[C@H](COc2nc(N3CC(CC4)NC4C3)c(cnc(-c3c4c(Cl)cccc4ccc3)c3F)c3n2)C[C@H]1OC(NCCOCc(cc1)ccc1O)=O,,107.1,>16666.7
261,NCCOc1nc(N2CC(CC3)NC3C2)c(cnc(-c2c3c(Cl)cccc3ccc2)c2F)c2n1,,8304.2,
262,NC1(COc2nc(N3CC(CC4)NC4C3)c(cnc(-c3c4c(Cl)cccc4ccc3)c3F)c3n2)CCCCC1,,2255.6,
263,CCc(ccc(O)c1)c1-c(ncc(c1n2)c(N3CC(CC4)NC4C3)nc2OCC2(CCC3)N3CCC2)c1F,,1.5,7641
264,Fc(cccc1)c1-c(ncc(c1n2)c(N3CC(CC4)NC4C3)nc2OCC2(CCC3)N3CCC2)c1F,,4698.9,
265,Nc1cccc(F)c1-c(ncc(c1n2)c(N3CC(CC4)NC4C3)nc2OCC2(CCC3)N3CCC2)c1F,,794,
266,Nc(c(Cl)c1)c(-c(ncc(c2n3)c(N4CC(CC5)NC5C4)nc3OCC3(CCC4)N4CCC3)c2F)c(F)c1Cl,,278,
267,Oc(cccc1)c1-c(ncc(c1n2)c(N3CC(CC4)NC4C3)nc2OCC2(CCC3)N3CCC2)c1F,,3261.6,
268,CNc(c(F)ccc1)c1-c(ncc(c1n2)c(N3CC(CC4)NC4C3)nc2OCC2(CCC3)N3CCC2)c1F,,1546.3,
269,CCNc(c(F)ccc1)c1-c(ncc(c1n2)c(N3CC(CC4)NC4C3)nc2OCC2(CCC3)N3CCC2)c1F,,4037.9,
270,Nc(c(F)ccc1)c1-c(ncc(c1n2)c(N3CC(CC4)NC4C3)nc2OCC2(CCC3)N3CCC2)c1F,,4492.4,
271,Oc1cccc(-c(ncc(c2n3)c(N4CC(CC5)NC5C4)nc3OCC3(CCC4)N4CCC3)c2F)c1,,1621.9,
272,Cc(cccc1)c1-c(ncc(c1n2)c(N3CC(CC4)NC4C3)nc2OCC2(CCC3)N3CCC2)c1F,,1178.7,
273,COc(cccc1)c1-c(ncc(c1n2)c(N3CC(CC4)NC4C3)nc2OCC2(CCC3)N3CCC2)c1F,,1340.8,
274,Cc(c(-c(ncc(c1n2)c(N3CC(CC4)NC4C3)nc2OCC2(CCC3)N3CCC2)c1F)ccc1)c1Cl,,35.9,4706.4
275,Cc1cccc(-c(ncc(c2n3)c(N4CC(CC5)NC5C4)nc3OCC3(CCC4)N4CCC3)c2F)c1C,,53.8,7058.7
276,Cc1cccc(-c(ncc(c2n3)c(N4CC(CC5)NC5C4)nc3OCC3(CCC4)N4CCC3)c2F)c1Cl,,16.2,3789.2
277,Fc(c1n2)c(-c3cccc(Cl)c3Cl)ncc1c(N1CC(CC3)NC3C1)nc2OCC1(CCC2)N2CCC1,,35.2,3675
278,[2H]C#Cc1c2c(-c(ncc(c3n4)c(N5CC(CC6)NC6C5)nc4OCC4(CCC5)N5CCC4)c3F)cccc2ccc1,,0.7,104.4
279,C#CCc(ccc(O)c1)c1-c(ncc(c1n2)c(N3CC(CC4)NC4C3)nc2OCC2(CCC3)N3CCC2)c1F,,1.6,7401.8
280,CN(C1)[C@H](COc2nc(N3CC(CC4)NC4C3)c(cnc(-c3c4c(Cl)cccc4ccc3)c3F)c3n2)C[C@H]1OC(NCCOC)=O,,99.8,6115.7
281,C#Cc1c2c(-c(ncc(c3n4)c(N5CC(CC6)NC6C5)nc4OC[C@](CCC4)(C5)N4C[C@@H]5F)c3F)cccc2ccc1F,,0.9,97.8
282,Oc1cc2cccc(F)c2c(-c(ncc(c2n3)c(N4CC(CC5)NC5C4)nc3OC[C@](CCC3)(C4)N3C[C@@H]4F)c2F)c1,,0.7,4.9
283,Oc1cc(Cl)c(C2CC2)c(-c(ncc(c2n3)c(N4CC(CC5)NC5C4)nc3OC[C@](CCC3)(C4)N3C[C@@H]4F)c2F)c1,,0.7,7
284,F[C@@H](C1)[C@H]1c(cccc1)c1-c(ncc(c1n2)c(N3CC(CC4)NC4C3)nc2OCC2(CCC3)N3CCC2)c1F,,0.1,17.4
285,C[C@H](C1)[C@H]1c(cccc1)c1-c(ncc(c1n2)c(N3CC(CC4)NC4C3)nc2OCC2(CCC3)N3CCC2)c1F,,279,
286,C[C@H](C1)[C@@H]1c(cccc1)c1-c(ncc(c1n2)c(N3CC(CC4)NC4C3)nc2OCC2(CCC3)N3CCC2)c1F,,17.2,1733.1
287,C[C@@H](C1)[C@H]1c(cccc1)c1-c(ncc(c1n2)c(N3CC(CC4)NC4C3)nc2OCC2(CCC3)N3CCC2)c1F,,90.7,8067.4
288,C[C@@H](C1)[C@@H]1c(cccc1)c1-c(ncc(c1n2)c(N3CC(CC4)NC4C3)nc2OCC2(CCC3)N3CCC2)c1F,,589.5,
290,CC(C)c(c(F)cc(O)c1)c1-c(ncc(c1n2)c(N3CC(CC4)NC4C3)nc2OC[C@](CCC2)(C3)N2C[C@@H]3F)c1F,,2.1,110.5
291,CC(C)c(c(-c(ncc(c1n2)c(N3CC(CC4)NC4C3)nc2OC[C@](CCC2)(C3)N2C[C@@H]3F)c1F)cc(O)c1)c1Cl,,1.6,46.5
292,FC(c(c(F)ccc1)c1-c(ncc(c1n2)c(N3CC(CC4)NC4C3)nc2OCC2(CCC3)N3CCC2)c1F)(F)F,,13.1,1696
293,FC(c(cccc1)c1-c(ncc(c1n2)c(N3CC(CC4)NC4C3)nc2OCC2(CCC3)N3CCC2)c1F)F,,692.3,
294,Cc(c(F)ccc1)c1-c(ncc(c1n2)c(N3CC(CC4)NC4C3)nc2OCC2(CCC3)N3CCC2)c1F,,620.4,
295,CCc(cccc1)c1-c(ncc(c1n2)c(N3CC(CC4)NC4C3)nc2OCC2(CCC3)N3CCC2)c1F,,191.5,
296,CN(C)c(cccc1)c1-c(ncc(c1n2)c(N3CC(CC4)NC4C3)nc2OCC2(CCC3)N3CCC2)c1F,,111.5,8472
297,Fc(c1n2)c(-c3c(C4CC4)cccc3)ncc1c(N1CC(CC3)NC3C1)nc2OCC1(CCC2)N2CCC1,,88.9,6562
298,CC(C)c(c(-c(ncc(c1n2)c(N3CC(CC4)NC4C3)nc2OCC2(CCC3)N3CCC2)c1F)ccc1)c1Cl,,8.3,1228.7
299,CC(C)c(c(F)ccc1)c1-c(ncc(c1n2)c(N3CC(CC4)NC4C3)nc2OCC2(CCC3)N3CCC2)c1F,,131.7,>5555.6
300,CCC(C)c(cccc1)c1-c(ncc(c1n2)c(N3CC(CC4)NC4C3)nc2OCC2(CCC3)N3CCC2)c1F,,767.8,
301,CC(C)c(c(C)ccc1)c1-c(ncc(c1n2)c(N3CC(CC4)NC4C3)nc2OCC2(CCC3)N3CCC2)c1F,,35.1,3173.2
302,FC(Oc(c(F)ccc1)c1-c(ncc(c1n2)c(N3CC(CC4)NC4C3)nc2OCC2(CCC3)N3CCC2)c1F)F,,43.6,1993.3
303,FC(Oc(cccc1)c1-c(ncc(c1n2)c(N3CC(CC4)NC4C3)nc2OCC2(CCC3)N3CCC2)c1F)F,,357.3,
304,Fc1cccc(-c(ncc(c2n3)c(N4CC(CC5)NC5C4)nc3OCC3(CCC4)N4CCC3)c2F)c1C1CC1,,29.2,1415.1
305,CC1(CC1)c(cccc1)c1-c(ncc(c1n2)c(N3CC(CC4)NC4C3)nc2OCC2(CCC3)N3CCC2)c1F,,366.8,
306,CC(C)c(ccnc1)c1-c(ncc(c1n2)c(N3CC(CC4)NC4C3)nc2OCC2(CCC3)N3CCC2)c1F,,260.4,
307,CC(C)c(nccc1)c1-c(ncc(c1n2)c(N3CC(CC4)NC4C3)nc2OCC2(CCC3)N3CCC2)c1F,,3164.3,
308,CN(C)Cc1ccc(COCCNC(O[C@H]2CN(C)[C@H](COc3nc(N4CC(CC5)NC5C4)c(cnc(-c4c5c(Cl)cccc5ccc4)c4F)c4n3)C2)=O)cc1,,117.4,>5555.6
309,CC(C)c(cccc1)c1-c(ncc(c1n2)c(N3CC(CC4)NC4C3)nc2OCC2(CCC3)N3CCC2)c1F,,204.7,
310,Fc(c1n2)c(-c(cccc3)c3Cl)ncc1c(N1CC(CC3)NC3C1)nc2OCC1(CCC2)N2CCC1,,558.7,
311,COc(c(-c(ncc(c1n2)c(N3CC(CC4)NC4C3)nc2OCC2(CCC3)N3CCC2)c1F)ccc1)c1Cl,,135.3,
312,CCc(c(-c(ncc(c1n2)c(N3CC(CC4)NC4C3)nc2OCC2(CCC3)N3CCC2)c1F)ccc1)c1Cl,,9,1877.6
313,Cc1cccc(-c(ncc(c2n3)c(N4CC(CC5)NC5C4)nc3OCC3(CCC4)N4CCC3)c2F)c1OC,,231.3,
314,CCc1c2c(-c(ncc(c3n4)c(N5CC(CC6)NC6C5)nc4OCC4(CCC5)N5CCC4)c3F)cc(O)cc2ccc1F,,0.6,3.7
315,OCCc(cccc1)c1-c(ncc(c1n2)c(N3CC(CC4)NC4C3)nc2OCC2(CCC3)N3CCC2)c1F,,2537.4,
316,Cc1cccc(F)c1-c(ncc(c1n2)c(N3CC(CC4)NC4C3)nc2OCCc2nccn2C)c1F,157480.3,>10000,
317,Cc1c2c(-c(ncc(c3n4)c(N5CC(CC6)NC6C5)nc4OC)c3F)cccc2ccc1,91269.8,>10000,
318,CN1[C@H](COc2nc(N3CC(CC4)NC4C3)c(cnc(-c3c(CCC4O)c4ccc3)c3F)c3n2)CCC1,367549.7,>10000,
319,CCOC(CCCOc1nc(N2CC(CC3)NC3C2)c(cnc(-c2c3c(Cl)cccc3ccc2)c2F)c2n1)=O,255881.2,>10000,
320,Oc1c(C=O)cc(CCCOc2nc(N3CC(CC4)NC4C3)c(cnc(-c3c4c(Cl)cccc4ccc3)c3F)c3n2)cc1,71584.2,>10000,
321,Cc1ccc(cccc2-c(ncc(c3n4)c(N5CC(CC6)NC6C5)nc4OC[C@H]4N(C)CCC4)c3F)c2c1,,612.8,>16666.7
322,Fc(c1n2)c(-c3cccc(Cl)c3C3CC3)ncc1c(N1CC(CC3)NC3C1)nc2OCC1(CCC2)N2CCC1,,4.9,664.8
323,CN1C(CO)(COc2nc(N3CC(CC4)NC4C3)c(cnc(-c3cccc4ccccc34)c3F)c3n2)CCC1,,1689.3,
324,CCc1c2c(-c(ncc(c3n4)c(N5CC(CC6)NC6C5)nc4OC[C@](CCC4)(C5)N4C[C@@H]5F)c3F)cncc2ccc1,,10.2,863.9
325,CCc1c2c(-c(ncc(c3n4)c(N5CC(CC6)NC6C5)nc4OC[C@](CCC4)(C5)N4C[C@@H]5F)c3F)cncc2ccc1,,140.9,>16666.7
326,Oc1cc2ccccc2c(-c(ncc(c2n3)c(N4CC(CC5)NC5C4)nc3OC[C@@](CCC3)(C4)N3C[C@H]4F)c2F)c1,,1.9,121.6
327,Oc1cc2ccccc2c(-c(ncc(c2n3)c(N4CC(CC5)NC5C4)nc3OC[C@](CCC3)(C4)N3C[C@@H]4F)c2F)c1,,1.9,31.4
328,FC(c(c(-c(ncc(c1n2)c(N3CC(CC4)NC4C3)nc2OCC2(CCC3)N3CCC2)c1F)ccc1)c1Cl)(F)F,,9.4,896.9
329,CSc(cccc1)c1-c(ncc(c1n2)c(N3CC(CC4)NC4C3)nc2OCC2(CCC3)N3CCC2)c1F,,202.5,
330,Oc1cc(-c(ncc(c2n3)c(N4CC(CC5)NC5C4)nc3OC[C@](CCC3)(C4)N3C[C@@H]4F)c2F)c2c(Cl)cccc2c1,,2.5,11.8
331,Cc(ccc1c2cn[nH]1)c2-c(ncc(c1n2)c(N3CC(CC4)NC4C3)nc2OC[C@](CCC2)(C3)N2C[C@@H]3F)c1F,,114.4,10826
332,Cc(ccc1c2cn[nH]1)c2-c(ncc(c1n2)c(N3CC(CC4)NC4C3)nc2OCC2(CCC3)N3CCC2)c1F,,163.9,>16666.7
333,Oc1cc2ccccc2c(-c(ncc(c2n3)c(N4CC([C@@H](C5)n6ncnc6)NC5C4)nc3OC[C@](CCC3)(C4)N3C[C@@H]4F)c2F)c1,,450.5,
334,Cc1c2c(-c(ncc(c3n4)c(N5CC(CC6)NC6C5)nc4OCC4(CCC5)N5CCC4)c3F)cccc2ccc1,,10,2909.3
335,Fc(c1n2)c(-c3cccc4cccc(C5CC5)c34)ncc1c(N1CC(CC3)NC3C1)nc2OCC1(CCC2)N2CCC1,,25.8,10440.5
336,F[C@H]1CN(CCC2)[C@]2(COc2nc(N3CC(CC4)NC4C3)c(cnc(-c(cccc3cc4)c3c(Cl)c4F)c3F)c3n2)C1,,3.1,1057.2
337,CN1[C@H](COc2nc(N3CC(CC4)NC4C3)c(cnc(-c(c3ccccc3cc3O)c3Cl)c3F)c3n2)CCC1,,2.2,1620.7
338,N#CC[C@H](C1)[C@@H](C2)N[C@H]1CN2c1c(cnc(-c2cc(O)cc3ccccc23)c2F)c2nc(OCC2(CCC3)N3CCC2)n1,,33.1,>16666.7
339,N#CC[C@H](C1)[C@@H](C2)N[C@H]1CN2c1c(cnc(-c2cc(O)cc3ccccc23)c2F)c2nc(OC[C@](CCC2)(C3)N2C[C@@H]3F)n1,21.6,21,8659.5
340,Oc(cc1)cc(-c(ncc(c2n3)c(N4CC(CC5)NC5C4)nc3OC[C@](CCC3)(C4)N3C[C@@H]4F)c2F)c1OC(F)(F)F,,0.4,51.5
341,Oc(cc1)cc(-c(ncc(c2n3)c(N4CC(CC5)NC5C4)nc3OCC3(CCC4)N4CCC3)c2F)c1OC(F)(F)F,,0.7,837.3
342,F[C@H]1CN(CCC2)[C@]2(COc2nc(N3CC(CC4)NC4C3)c(cnc(-c3cccc(Cl)c3C3CC3)c3F)c3n2)C1,,3.4,1001.2
343,F[C@H]1CN(CCC2)[C@]2(COc2nc(N3CC(CC4)NC4C3)c(cnc(-c3c(C(F)(F)F)ccc4c3cn[nH]4)c3F)c3n2)C1,,10.4,1616.5
344,FC(c(ccc1c2cn[nH]1)c2-c(ncc(c1n2)c(N3CC(CC4)NC4C3)nc2OCC2(CCC3)N3CCC2)c1F)(F)F,,10.9,8069.6
345,FC(Oc1c2c(-c(ncc(c3n4)c(N5CC(CC6)NC6C5)nc4OCC4(CCC5)N5CCC4)c3F)cccc2ccc1)(F)F,,10.6,1468.2
346,FC(Oc1c2c(-c(ncc(c3n4)c(N5CC(CC6)NC6C5)nc4OCC4(CCC5)N5CCC4)c3F)cccc2ccc1)F,,10.5,1351.5
347,FC[C@H]1N(CCC2)[C@]2(COc2nc(N3CC(CC4)NC4C3)c(cnc(-c3c4c(Cl)cccc4ccc3)c3F)c3n2)CC1,,2.1,458.9
348,CC(C)c(cccc1)c1-c(ncc(c1n2)c(N3CC(CC4)NC4C3)nc2OC[C@](CCC2)(C3)N2C[C@@H]3F)c1F,,15.5,778.6
349,Fc(c1n2)c(-c(c3ccccc3cc3)c3Cl)ncc1c(N1CC(CC3)NC3C1)nc2OCC1(CCC2)N2CCC1,,560.7,
350,Oc(c(F)c(c(F)c1)-c(ncc(c2n3)c(N4CC(CC5)NC5C4)nc3OCC3(CCC4)N4CCC3)c2F)c1F,,3822.1,
351,CO[C@H]1CN[C@H](COc2nc(N3CC(CC4)NC4C3)c(cnc(-c3c4c(Cl)cccc4ccc3)c3F)c3n2)C1,,94.8,>16666.7
352,FC1(CN[C@H](COc2nc(N3CC(CC4)NC4C3)c(cnc(-c3c4c(Cl)cccc4ccc3)c3F)c3n2)C1)F,,844.8,
353,CN(C1)[C@H](COc2nc(N3CC(CC4)NC4C3)c(cnc(-c3c4c(Cl)cccc4ccc3)c3F)c3n2)C[C@H]1NC(c1ccc(C=O)cc1)=O,,333.4,
354,CN(C1)[C@H](COc2nc(N3CC(CC4)NC4C3)c(cnc(-c3c4c(Cl)cccc4ccc3)c3F)c3n2)C[C@H]1NC(c1cc(C=O)ccc1)=O,,368.1,
355,CN(C1)[C@H](COc2nc(N3CC(CC4)NC4C3)c(cnc(-c3c4c(Cl)cccc4ccc3)c3F)c3n2)C[C@H]1NC(c1c(C=O)cccc1)=O,,869.9,
356,CN1C[C@H](COc2nc(N3CC(CC4)NC4C3)c(cnc(-c3c4c(Cl)cccc4ccc3)c3F)c3n2)CC1,,87.2,11920.1
357,CN1C[C@@H](COc2nc(N3CC(CC4)NC4C3)c(cnc(-c3c4c(Cl)cccc4ccc3)c3F)c3n2)CC1,,438,
358,CN(CC1)C[C@@H]1Oc1nc(N2CC(CC3)NC3C2)c(cnc(-c2c3c(Cl)cccc3ccc2)c2F)c2n1,,1980.6,
359,CN(CC1)C[C@H]1Oc1nc(N2CC(CC3)NC3C2)c(cnc(-c2c3c(Cl)cccc3ccc2)c2F)c2n1,,1637.1,
360,COc1nc(N2CC(CC3)NC3C2)c(cnc(-c2c3c(Cl)cccc3cc(O)c2)c2F)c2n1,,50.8,8353.4
361,COc(cc1)cc(-c(ncc(c2n3)c(N4CC(CC5)NC5C4)nc3OC[C@](CCC3)(C4)N3C[C@@H]4F)c2F)c1OC(F)(F)F,,2700.3,
362,CC(C)(C)c(cccc1)c1-c(ncc(c1n2)c(N3CC(CC4)NC4C3)nc2OC[C@](CCC2)(C3)N2C[C@@H]3F)c1F,,105.8,10457
363,CC(COc1nc(N2CC(CC3)NC3C2)c(cnc(-c2c3c(Cl)cccc3ccc2)c2F)c2n1)NC,,3932.5,
364,CC(C)c1c2c(-c(ncc(c3n4)c(N5CC(CC6)NC6C5)nc4OC[C@](CCC4)(C5)N4C[C@@H]5F)c3F)cc(O)cc2ccc1,,2.3,322
365,Cc(ccc(O)c1)c1-c(ncc(c1n2)c(N3CC(CC4)NC4C3)nc2OC[C@](CCC2)(C3)N2C[C@@H]3F)c1F,,34.9,3949
366,Oc1cc2cccc(F)c2c(-c(ncc(c2n3)c(N4CC(CC5)NC5C4)nc3OC[C@](CCC3)(C4)N3C[C@@H]4F)c2F)c1,,0.5,7
367,Oc1cc2cccc(F)c2c(-c(ncc(c2n3)c(N4CC(CC5)NC5C4)nc3OCC3(CCC4)N4CCC3)c2F)c1,,0.7,111.8
368,F[C@H]1CN(CCC2)[C@]2(COc2nc(N3CC(CC4)NC4C3)c(cnc(-c3c(C4CC4)cccc3)c3F)c3n2)C1,,207.6,
369,Oc1cccc(F)c1-c(ncc(c1n2)c(N3CC(CC4)NC4C3)nc2OC[C@](CCC2)(C3)N2C[C@@H]3F)c1F,,221.4,
370,FC(c(cccc1)c1-c(ncc(c1n2)c(N3CC(CC4)NC4C3)nc2OCC2(CCC3)N3CCC2)c1F)(F)F,,86.1,10730.6
371,F[C@H]1CN(CCC2)[C@]2(COc2nc(N3CC(CC4)NC4C3)c(cnc(-c3c(C4CCC4)cccc3)c3F)c3n2)C1,,394.2,
372,CSc1cccc2cc(O)cc(-c(ncc(c3n4)c(N5CC(CC6)NC6C5)nc4OC[C@](CCC4)(C5)N4C[C@@H]5F)c3F)c12,,0.7,10.5
373,Oc1cc(-c(ncc(c2n3)c(N4CC(CC5)NC5C4)nc3OCC3(CCC4)N4CCC3)c2F)c(C(F)(F)F)cc1,,1.6,>16666.7
374,CC(C)COc1nc(N2CC(CC3)NC3C2)c(cnc(-c2c3c(Cl)cccc3ccc2)c2F)c2n1,,347.9,
375,Oc1cc(-c(ncc(c2n3)c(N4CC(CC5)NC5C4)nc3OC[C@](CCC3)(C4)N3C[C@@H]4F)c2F)c(C(F)(F)F)cc1,,1.7,1310.3
376,Cc1cc([nH]nc2)c2c(-c(ncc(c2n3)c(N4CC(CC5)NC5C4)nc3OC[C@](CCC3)(C4)N3C[C@@H]4F)c2F)c1Cl,,2.6,582.3
377,Cc1cccc(O)c1-c(ncc(c1n2)c(N3CC(CC4)NC4C3)nc2OC[C@](CCC2)(C3)N2C[C@@H]3F)c1F,,416.9,
378,CN(CCc1ccc2)Cc1c2Oc1nc(N2CC(CC3)NC3C2)c(cnc(-c2c3c(Cl)cccc3ccc2)c2F)c2n1,,6250,
379,N#C[C@@H]1[C@](COc2nc(N3CC(CC4)NC4C3)c(cnc(-c3c4c(Cl)cccc4ccc3)c3F)c3n2)(CCC2)N2CC1,,248.7,
380,Nc(cc1)c(-c(ncc(c2n3)c(N4CC(CC5)NC5C4)nc3OC[C@](CCC3)(C4)N3C[C@@H]4F)c2F)c(F)c1Cl,,65.7,>16666.7
381,CCc1c2c(-c(ncc(c3n4)c(N5CC(CC6)NC6C5)nc4OC[C@](CCC4)(C5)N4C[C@@H]5F)c3F)cccc2ccc1F,,0.7,708.4
382,FC([C@@H]1CN(CCC2)[C@]2(COc2nc(N3CC(CC4)NC4C3)c(cnc(-c3c4c(Cl)cccc4ccc3)c3F)c3n2)C1)(F)F,,21.1,>16666.7
383,F[C@H]1CN(CCC2)[C@]2(COc2nc(N3CC(CC4)NC4C3)c(cnc(-c3c(CC(F)(F)F)cccc3)c3F)c3n2)C1,,585.9,
384,Oc1cc2ccccc2c(-c(ncc(c2n3)c(N4CC(CC5)NC5C4)nc3OC[C@@]3(CCC4)N4[C@@H](CF)CC3)c2F)c1,,2.4,398.2
385,COc1cc2ccccc2c(-c(ncc(c2n3)c(N4CC(CC5)NC5C4)nc3OC[C@](CCC3)(C4)N3C[C@@H]4F)c2F)c1,,3083.3,>16666.7
386,Oc(cc1)cc(-c(ncc(c2n3)c(N4CC(CC5)NC5C4)nc3OC[C@](CCC3)(C4)N3C[C@@H]4F)c2F)c1SC(F)(F)F,,2,320.3
387,CC(C)(COc1nc(N2CC(CC3)NC3C2)c(cnc(-c2c3c(Cl)cccc3ccc2)c2F)c2n1)N,,532.8,
388,CO[C@H]1CN(CCC2)[C@]2(COc2nc(N3CC(CC4)NC4C3)c(cnc(-c3cc(O)cc4cccc(F)c34)c3F)c3n2)C1,,0.6,40.2
389,COC[C@H]1N(CCC2)[C@]2(COc2nc(N3CC(CC4)NC4C3)c(cnc(-c3cc(O)cc4ccccc34)c3F)c3n2)CC1,,1.4,780.7
390,COC(C(F)(F)F)c(ccc(O)c1)c1-c(ncc(c1n2)c(N3CC(CC4)NC4C3)nc2OC[C@](CCC2)(C3)N2C[C@@H]3F)c1F,,36.8,6108.7
391,Cc1cc(-c(ncc(c2n3)c(N4CC(CC5)NC5C4)nc3OC[C@](CCC3)(C4)N3C[C@@H]4F)c2F)c(cn[nH]2)c2c1,,661.7,
392,Oc1cccc(OC(F)(F)F)c1-c(ncc(c1n2)c(N3CC(CC4)NC4C3)nc2OC[C@](CCC2)(C3)N2C[C@@H]3F)c1F,,208.2,
393,Oc1cc(-c(ncc(c2n3)c(N4CC(CC5)NC5C4)nc3OCCC(F)(F)F)c2F)c2c(Cl)cccc2c1,,76.3,7579.3
394,CC(C)c1cccc(C(C)C)c1-c(ncc(c1n2)c(N3CC(CC4)NC4C3)nc2OC[C@](CCC2)(C3)N2C[C@@H]3F)c1F,,2500,
395,O[C@H](C1)C(C2)NC1CN2c1c(cnc(-c2c3c(Cl)cccc3ccc2)c2F)c2nc(OC[C@](CCC2)(C3)N2C[C@@H]3F)n1,2.6,6.9,1089.1
396,F[C@H]1CN(CCC2)[C@]2(COc2nc(N3CC(C(C4)F)NC4C3)c(cnc(-c3c4c(Cl)cccc4ccc3)c3F)c3n2)C1,34.8,206.8,8173.3
397,CO[C@H](C1)C(C2)NC1CN2c1c(cnc(-c2c3c(Cl)cccc3ccc2)c2F)c2nc(OC[C@](CCC2)(C3)N2C[C@@H]3F)n1,183.2,886.9,>16666.7
398,CN(CC1)CCC1(COc1nc(N2CC(CC3)NC3C2)c(cnc(-c2c3c(Cl)cccc3ccc2)c2F)c2n1)F,,593.2,
399,CC(C)c(ccc(O)c1)c1-c(ncc(c1n2)c(N3CC(CC4)NC4C3)nc2OC[C@](CCC2)(C3)N2C[C@@H]3F)c1F,,2.7,509.9
400,Oc1cc(-c(ncc(c2n3)c(N4CC(CC5)NC5C4)nc3OCC3(CCC4)N4C(CF)CC3)c2F)c2c(Cl)cccc2c1,,4.2,260.6
401,Cc(c(-c(ncc(c1n2)c(N3CC(CC4)NC4C3)nc2OC[C@](CCC2)(C3)N2C[C@@H]3F)c1F)c(cn[nH]1)c1c1)c1Cl,,2.8,603.5
402,CC(C)(c(cccc1)c1-c(ncc(c1n2)c(N3CC(CC4)NC4C3)nc2OC[C@](CCC2)(C3)N2C[C@@H]3F)c1F)O,,8017.6,
403,CC(C)c(ccc(O)c1)c1-c(ncc(c1n2)c(N3CC(CC4)NC4C3)nc2OCC2(CCC3)N3CCC2)c1F,,1.9,2881
404,COC1(CN(CCC2)C2(COc2nc(N3CC(CC4)NC4C3)c(cnc(-c3c4c(Cl)cccc4ccc3)c3F)c3n2)C1)OC,,60.8,8331.6
405,CN(C)C(OC[C@H]1N(CCC2)[C@]2(COc2nc(N3CC(CC4)NC4C3)c(cnc(-c3c4c(Cl)cccc4ccc3)c3F)c3n2)CC1)=O,,2.2,297
406,CO[C@@H]1CN(CCC2)[C@]2(COc2nc(N3CC(CC4)NC4C3)c(cnc(-c3cc(O)cc4cccc(F)c34)c3F)c3n2)C1,,0.9,440.3
407,CC(C)(c(cccc1)c1-c(ncc(c1n2)c(N3CC(CC4)NC4C3)nc2OC[C@](CCC2)(C3)N2C[C@@H]3F)c1F)F,,560,
408,CNC(OC[C@H]1N(CCC2)[C@]2(COc2nc(N3CC(CC4)NC4C3)c(cnc(-c3c4c(Cl)cccc4ccc3)c3F)c3n2)CC1)=O,,3.1,238
409,N#Cc(cccc1)c1-c(ncc(c1n2)c(N3CC(CC4)NC4C3)nc2OC[C@](CCC2)(C3)N2C[C@@H]3F)c1F,,2231.4,
410,CO[C@H]1CN(CCC2)[C@]2(COc2nc(N3CC(CC4)NC4C3)c(cnc(-c3cc(O)cc4cccc(C#C)c34)c3F)c3n2)C1,,1,8
411,COC(NC[C@H]1N(CCC2)[C@]2(COc2nc(N3CC(CC4)NC4C3)c(cnc(-c3c4c(Cl)cccc4ccc3)c3F)c3n2)CC1)=O,,17,745.3
412,CN(C)C(NC[C@H]1N(CCC2)[C@]2(COc2nc(N3CC(CC4)NC4C3)c(cnc(-c3c4c(Cl)cccc4ccc3)c3F)c3n2)CC1)=O,,17.7,4779.3
413,CC(NC[C@H]1N(CCC2)[C@]2(COc2nc(N3CC(CC4)NC4C3)c(cnc(-c3c4c(Cl)cccc4ccc3)c3F)c3n2)CC1)=O,,9.2,2156.3
414,F[C@H]1CN(CCC2)[C@]2(COc2nc(N3CC(CC4)NC4C3)c(cnc(-c(cccc3)c3Cl)c3F)c3n2)C1,,873.2,
415,F[C@H]1CN(CCC2)[C@]2(COc2nc(N3CC(CC4)NC4C3)c(cnc(-c3c(C(F)(F)F)ccnc3)c3F)c3n2)C1,,2578.3,
416,CC(C)Oc(cccc1)c1-c(ncc(c1n2)c(N3CC(CC4)NC4C3)nc2OC[C@](CCC2)(C3)N2C[C@@H]3F)c1F,,1946.5,
417,CC(C)Cc(cccc1)c1-c(ncc(c1n2)c(N3CC(CC4)NC4C3)nc2OC[C@](CCC2)(C3)N2C[C@@H]3F)c1F,,594.7,
418,Fc(c1n2)c(-c3c4c(Cl)cccc4ccc3)ncc1c(N1CC(CC3)NC3C1)nc2OC[C@@]1(CCC2)N2[C@H](Cn2nccc2)CC1,,7.5,2741.5
419,F[C@H]1CN(CCC2)[C@]2(COc2nc(N3CC(CC4)NC4C3)c(cnc(-c3cccc4cccc(C(F)(F)F)c34)c3F)c3n2)C1,,50.9,2776.1
420,CS(NC[C@@H]1N(CCC2)[C@]2(COc2nc(N3CC(CC4)NC4C3)c(cnc(-c3c4c(Cl)cccc4ccc3)c3F)c3n2)CC1)(=O)=O,,20,7816.4
421,CC(C)c(nccc1)c1-c(ncc(c1n2)c(N3CC(CC4)NC4C3)nc2OC[C@](CCC2)(C3)N2C[C@@H]3F)c1F,,7746.7,
422,FC(c1c2c(-c(ncc(c3n4)c(N5CC(CC6)NC6C5)nc4OCC4(CCC5)N5CCC4)c3F)cccc2ccc1)(F)F,,11.4,2357.8
423,COCc1c2c(-c(ncc(c3n4)c(N5CC(CC6)NC6C5)nc4OC[C@](CCC4)(C5)N4C[C@@H]5F)c3F)cccc2ccc1,,238,
424,Oc1cc(-c(ncc(c2n3)c(N4CC(CC5)NC5C4)nc3OC[C@](CCC3)(C4)N3C[C@@H]4F)c2F)c(CC(F)(F)F)cc1,,5,680.9
425,FC(C1)CN(C2)C1(COc1nc(N3CC(CC4)NC4C3)c(cnc(-c3c4c(Cl)cccc4ccc3)c3F)c3n1)CC2F,,90.2,5414.1
426,CCc1c2c(-c(ncc(c3n4)c(N5CC(CC6)NC6C5)nc4OCC4(CCC5)N5CCC4)c3F)cccc2ccc1F,,0.9,228
427,CCn(ccc1ccc2)c1c2-c(ncc(c1n2)c(N3CC(CC4)NC4C3)nc2OCC2(CCC3)N3CCC2)c1F,,35.3,1981.7
428,F[C@H]1CN(CCC2)[C@]2(COc2nc(N3CC(CC4)NC4C3)c(cnc(-c3c(CCC4)c4ccc3)c3F)c3n2)C1,,92.1,6964.4
429,CC(CCc1ccc2)c1c2-c(ncc(c1n2)c(N3CC(CC4)NC4C3)nc2OC[C@](CCC2)(C3)N2C[C@@H]3F)c1F,,18.5,1696
430,F[C@H]1CN(CCC2)[C@]2(COc2nc(N3CC(CC4)NC4C3)c(cnc(-c(c3c4F)cccc3ccc4F)c3F)c3n2)C1,,1,141
431,CCc1c2c(-c(ncc(c3n4)c(N5CC(CC6)NC6C5)nc4OC[C@]4(CCC5)N5[C@@H](COC(N5CCOCC5)=O)CC4)c3F)cccc2ccc1,,1.4,74.3
432,CCc1c2c(-c(ncc(c3n4)c(N5CC(CC6)NC6C5)nc4OC[C@]4(CCC5)N5[C@@H](COC(NC)=O)CC4)c3F)cccc2ccc1,,1.9,106.3
433,CCc1c2c(-c(ncc(c3n4)c(N5CC(CC6)NC6C5)nc4OC[C@]4(CCC5)N5[C@@H](COC(NC)=O)CC4)c3F)cc(O)cc2ccc1,,0.9,43.2
434,CCc1c2c(-c(ncc(c3n4)c(N5CC(CC6)NC6C5)nc4OC[C@]4(CCC5)N5[C@@H](COC(N(C)C)=O)CC4)c3F)cc(O)cc2ccc1,,0.7,6.7
435,CNC(O[C@@H]1CN(CCC2)[C@@]2(COc2nc(N3CC(CC4)NC4C3)c(cnc(-c3c4c(Cl)cccc4ccc3)c3F)c3n2)C1)=O,,28.2,1822.4
436,O=C(N1CCOCC1)O[C@@H]1CN(CCC2)[C@@]2(COc2nc(N3CC(CC4)NC4C3)c(cnc(-c3c4c(Cl)cccc4ccc3)c3F)c3n2)C1,,48.3,3989.5
437,F[C@H]1CN(CCC2)[C@]2(COc2nc(N3CC(CC4)NC4C3)c(cnc(-c3c(C(CC4)C5CC5)c4ccc3)c3F)c3n2)C1,,233.7,
438,F[C@H]1CN(CCC2)[C@]2(COc2nc(N3CC(CC4)NC4C3)c(cnc(-c3c(CC4C5C4)c5ccc3)c3F)c3n2)C1,,20.1,1630.8
439,CN(C)C(OC[C@@H]1N(CCC2)[C@@]2(COc2nc(N3CC(CC4)NC4C3)c(cnc(-c(c3c4C#C)cccc3ccc4F)c3F)c3n2)CC1)=O,,0.4,12.8
440,CN(C)C(OC[C@@H]1N(CCC2)[C@@]2(COc2nc(N3CC(CC4)NC4C3)c(cnc(-c(c3c4C#C)cc(O)cc3ccc4F)c3F)c3n2)CC1)=O,,0.8,8.4
441,CCc1c2c(-c(ncc(c3n4)c(N5CC(CC6)NC6C5)nc4OC[C@]4(CCC5)N5[C@@H](COC(N(C)C)=O)CC4)c3F)cc(O)cc2ccc1F,,0.5,4.1
442,O=C1OCCN1C[C@@H]1N(CCC2)[C@@]2(COc2nc(N3CC(CC4)NC4C3)c(cnc(-c3c4c(Cl)cccc4ccc3)c3F)c3n2)CC1,,25,1162
443,O=C(N1CCCC1)OC[C@@H]1N(CCC2)[C@@]2(COc2nc(N3CC(CC4)NC4C3)c(cnc(-c3c4c(Cl)cccc4ccc3)c3F)c3n2)CC1,,3.2,160
444,O=C(N1CCCCC1)OC[C@@H]1N(CCC2)[C@@]2(COc2nc(N3CC(CC4)NC4C3)c(cnc(-c3c4c(Cl)cccc4ccc3)c3F)c3n2)CC1,,5.5,365
445,O=C(N1CCOCC1)OC[C@@H]1N(CCC2)[C@@]2(COc2nc(N3CC(CC4)NC4C3)c(cnc(-c3c4c(Cl)cccc4ccc3)c3F)c3n2)CC1,,2.7,130
446,Cn1c2cccc(-c(ncc(c3n4)c(N5CC(CC6)NC6C5)nc4OCC4(CCC5)N5CCC4)c3F)c2cc1,,357,
447,CCCc(cccc1)c1-c(ncc(c1n2)c(N3CC(CC4)NC4C3)nc2OCC2(CCC3)N3CCC2)c1F,,297,
448,F[C@H]1CN(CCC2)[C@]2(COc2nc(N3CC(CC4)NC4C3)c(cnc(-c3c(C4CC4)cccc3)c3F)c3n2)C1,,130,
449,CCc1c2c(-c(ncc3c(N4CC(CC5)NC5C4)ncnc33)c3F)cccc2ccc1,,71,
450,CC(C1(CCC2)N2CCC1)Oc1nc(N2CC(CC3)NC3C2)c(cnc(-c2cccc3cccc(F)c23)c2F)c2n1,,37,
451,C[C@@H](C1)[C@H]1c(c(-c(ncc(c1n2)c(N3CC(CC4)NC4C3)nc2OC[C@](CCC2)(C3)N2C[C@@H]3F)c1F)cc(O)c1)c1Cl,,1,78.3
452,C[C@H](C1)[C@@H]1c(c(-c(ncc(c1n2)c(N3CC(CC4)NC4C3)nc2OC[C@](CCC2)(C3)N2C[C@@H]3F)c1F)cc(O)c1)c1Cl,,1,13.7
453,Nc1nc(c(-c(ncc(c2n3)c(N4CC(CC5)NC5C4)nc3OCC3(CCC4)N4CCC3)c2F)ccc2)c2s1,,27,
454,Fc(c1n2)c(-c3cccc4c3ncs4)ncc1c(N1CC(CC3)NC3C1)nc2OCC1(CCC2)N2CCC1,,295,
455,Nc(sc1c(cc2)F)nc1c2-c(ncc(c1n2)c(N3CC(CC4)NC4C3)nc2OCC2(CCC3)N3CCC2)c1F,,17,
456,Cc(c(C)c1-c(ncc(c2n3)c(N4CC(CC5)NC5C4)nc3OCC3(CCC4)N4CCC3)c2F)cc2c1nc(N)s2,,966,
457,Cc(c(C)c1-c(ncc(c2n3)c(N4CC(CC5)NC5C4)nc3OC[C@](CCC3)(C4)N3C[C@@H]4F)c2F)cc2c1nc(N)s2,,475,
458,Cc(ccc1c2nc(N)s1)c2-c(ncc(c1n2)c(N3CC(CC4)NC4C3)nc2OCC2(CCC3)N3CCC2)c1F,,143,
459,C#CC1=CC=CC2=CC(O)=CC(C3=C(F)C=C4C(N5CC6CCC(C5)N6)=NC(OCC5(CN6CCC6)CC5)=NC4=C3F)=C12,,5.41,58.3
460,C#CC1=CC=CC2=CC(O)=CC(C3=C(F)C=C4C(N5CC6CC(C5)N6)=NC(OCC5(CN6CCOC7(CC7)C6)CC5)=NC4=C3F)=C12,,26,
461,C#CC1=CC=CC2=CC(O)=CC(C3=C(F)C=C4C(N5CC6CC(C5)N6)=NC(OCC5(CN6CCC7(CC6)CC7(F)F)CC5)=NC4=C3F)=C12,,37.1,95.5
462,C#CC1=CC=CC2=CC(O)=CC(C3=C(F)C=C4C(N5CC6CCC(C5)N6)=NC(OCC5(CN6CCCC7(C6)CC7(F)F)CC5)=NC4=C3F)=C12,,55.5,
463,C#CC1=CC=CC2=CC(O)=CC(C3=C(F)C=C4C(N5CC6CCC(C5)N6)=NC(OCC5(CN6CCOC7(CCC7)C6)CC5)=NC4=C3F)=C12,,66.2,
464,C#CC1=C(F)C=CC2=C1C(C1=C(F)C3=C(C=C1)C(N1CC4CCC(C1)N4)=NC(OCC1(CN4C5CCC4COC5)CC1)=N3)=CC(O)=C2,,6.27,3.53
465,C#CC1=CC=CC2=C1C(C1=C(F)C3=C(C=C1)C(N1CC4CCC(C1)N4)=NC(OCC1(CN4CC5CCC(C4)O5)CC1)=N3)=CC(O)=C2,,16.8,21.2
466,C#CC1=CC=CC2=C1C(C1=C(F)C3=C(C=C1)C(N1CC4CCC(C1)N4)=NC(OCC1(CN4CC5CC4CO5)CC1)=N3)=CC(O)=C2,,7.77,2.59
467,C#CC1=CC=CC2=C1C(C1=C(F)C3=C(C=C1)C(N1CC4CCC(C1)N4)=NC(OCC1(CN4C5CCC4COC5)CC1)=N3)=CC(O)=C2,,12.1,6.18
468,C#CC1=CC=CC2=CC(O)=CC(C3=C(F)C=C4C(N5CC6CCC(C5)N6)=NC(OCC5(CN6CCC7(CCO7)CC6)CC5)=NC4=C3F)=C12,,31.6,9.49
469,C#CC1=CC=CC2=CC(O)=CC(C3=C(F)C=C4C(N5CC6CCC(C5)N6)=NC(OCC5(CN6CCC7(CC6)COC7)CC5)=NC4=C3F)=C12,,14.2,1.94
470,C#CC1=CC=CC2=CC(O)=CC(C3=C(F)C=C4C(N5CC6CCC(C5)N6)=NC(OCC5(CN6CC7CC6CO7)CC5)=NC4=C3F)=C12,,12,
471,C#CC1=CC=CC2=CC(O)=CC(C3=C(F)C=C4C(N5CC6CCC(C5)N6)=NC(OCC5(CN6CCC7(C6)CC7(F)F)CC5)=NC4=C3F)=C12,,4.36,182
472,C#CC1=CC=CC2=CC(O)=CC(C3=C(F)C=C4C(N5CC6CCC(C5)N6)=NC(OCC5(CN6CCC7=C(C6)N=CC=C7)CC5)=NC4=C3F)=C12,,6.06,68.9
473,C#CC1=CC=CC2=CC(O)=CC(C3=C(F)C=C4C(N5CC6CCC(C5)N6)=NC(OCC5(CN6CCC7=C(C=CC=C7)C6)CC5)=NC4=C3F)=C12,,27.3,
474,C#CC1=CC=CC2=CC(O)=CC(C3=C(F)C=C4C(N5CC6CCC(C5)N6)=NC(OCC5(CN6CC7=C(C6)N=CC=C7)CC5)=NC4=C3F)=C12,,1.99,56.3
475,C#CC1=CC=CC2=C1C(C1=C(F)C=C3C(N4CC5CCC(C4)N5)=NC(OCC4(CN5CC6(CC(O)C6)C5)CC4)=NC3=C1F)=CC(O)=C2,,0.975,
476,C#CC1=CC=CC2=CC(O)=CC(C3=C(F)C=C4C(N5CC6CCC(C5)N6)=NC(OCC5(CN6CC7(COC7)C6)CC5)=NC4=C3F)=C12,,2.27,19.8
477,C#CC1=CC=CC2=C1C(C1=C(F)C=C3C(N4CC5CCC(C4)N5)=NC(OCC4(CN5CC6(CCC6)C5)CC4)=NC3=C1F)=CC(O)=C2,,1.33,39.2
478,C#CC1=CC=CC2=C1C(C1=C(F)C=C3C(N4CC5CCC(C4)N5)=NC(OCC4(CN5CC(OC)C5)CC4)=NC3=C1F)=CC(O)=C2,,1.94,13.5
479,C#CC1=CC=CC2=CC(O)=CC(C3=C(F)C=C4C(N5CC6CCC(C5)N6)=NC(OCC5(CN6CC7(CCOCC7)C6)CC5)=NC4=C3F)=C12,,1.39,6.95
480,C#CC1=CC=CC2=C1C(C1=CC=C3C(N4CC5CCC(C4)N5)=NC(OCC4(CC5=CC=CC=N5)CC4)=NC3=C1F)=CC(O)=C2,,>100,
481,C#CC1=CC=CC2=CC(O)=CC(C3=C(F)C=C4C(N5CC6CCC(C5)N6)=NC(OCC5(CN6CC7COCC7C6)CC5)=NC4=C3F)=C12,,1.26,2.48
482,C#CC1=CC=CC2=C1C(C1=C(F)C=C3C(N4CC5CCC(C4)N5)=NC(OCC4(CN5CC6CCCC6C5)CC4)=NC3=C1F)=CC(O)=C2,,1.48,14.7
483,C#CC1=CC=CC2=CC(O)=CC(C3=C(F)C=C4C(N5CC6CCC(C5)N6)=NC(OCC5(CN6CC(O)C6)CC5)NC4=C3F)=C12,,2.58,56.3
484,C#CC1=CC=CC2=CC(O)=CC(C3=C(F)C=C4C(N5CC6CCC(C5)N6)=NC(OCC5(CN6CC(C)(OC)C6)CC5)=NC4=C3F)=C12,,9.61,19.3
485,C#CC1=CC=CC2=CC(O)=CC(C3=C(F)C=C4C(N5CC6CCC(C5)N6)=NC(OCC5(CN6CCC7(CC6)CC7)CC5)=NC4=C3F)=C12,,1.76,26.2
486,C#CC1=CC=CC2=CC(O)=CC(C3=C(F)C=C4C(N5CC6CCC(C5)N6)=NC(OCC5(CN6CC(C)(O)C6)CC5)=NC4=C3F)=C12,,3.5,25
487,C#CC1=CC=CC2=CC(O)=CC(C3=CC=C4C(N5CC6CCC(C5)N6)=NC(OCC5(CN6CCC7(CC6)CC7)CC5)=NC4=C3F)=C12,,28.6,31.5
488,C#CC1=CC=CC2=C1C(C1=CC=C3C(N4CC5CCC(C4)N5)=NC(OCC4(CN5CC(OC)C5)CC4)=NC3=C1F)=CC(O)=C2,,23.2,13.4
489,C#CC1=CC=CC2=C1C(C1=CC=C3C(N4CC5CCC(C4)N5)=NC(OCC4(CN5CC6CCCC6C5)CC4)=NC3=C1F)=CC(O)=C2,,35.5,34.8
490,C#CC1=CC=CC2=CC(O)=CC(C3=CC=C4C(N5CC6CCC(C5)N6)=NC(OCC5(CN6CC(C)(OC)C6)CC5)=NC4=C3F)=C12,,31.6,12.8
491,C#CC1=CC=CC2=CC(O)=CC(C3=C(F)C=C4C(N5CC6CCC(C5)N6)=NC(OCC5(CN6CCC7(CCCCO7)C6)CC5)=NC4=C3F)=C12,,3.07,38.9
492,C#CC1=CC=CC2=CC(O)=CC(C3=C(F)C=C4C(N5CC6CCC(C5)N6)=NC(OCC5(CN6CCOCC67CCC7)CC5)=NC4=C3F)=C12,,2.17,20.2
493,[H]N1C2CCC1CN(C1=NC(OCC3(CN4CC5CC4CO5)CC3)=NC3=C(F)C(C4=C5C(C#C)=CC=CC5=CC(O)=C4)=C(F)C=C13)C2,,2.1,3.07
494,OC1=CC2=C(C=CC=C2)C(C2=C(F)C=C3C(N4CC5CCC(C4)N5)=NC(OCC4(CN5CCCOCC5)CC4)=NC3=C2F)=C1,,4.36,10.9
495,C#CC1=C(F)C=CC2=C1C(C1=C(F)C3=NC(OCC4(CN5CC6CC5CO6)CC4)=NC(N4CC5CC(C4)N5)=C3C=C1C(C)C)=CC(O)=C2,,1.15,
496,C#CC1=C(F)C=CC2=C1C(C1C(F)=C3N=C(OCC4(CN5C[C@@H]6C[C@H]5CO6)CC4)N=C(N4CC5CCC(C4)N5)C3=CC1C(F)(F)F)=CC(O)=C2,,1.29,
497,C#CC1=C(F)C=CC2=C1C(C1=C(C#N)C=C3C(N4CC5CCC(C4)N5)=NC(OCC4(CN5CC6CC5CO6)CC4)=NC3=C1F)=CC(O)=C2,,1.04,
498,C#CC1=C(F)C=CC2=C1C(C1=C(SC(F)(F)F)C=C3C(N4CC5CCC(C4)N5)=NC(OCC4(CN5C[C@@H]6C[C@H]5CO6)CC4)=NC3=C1F)=CC(O)=C2,,0.97,
499,CCC1=C(F)C=CC2=C1C(C1=C(C(F)(F)F)C=C3C(N4CC5CCC(C4)N5)=NC(OCC4(CN5C[C@@H]6C[C@H]5CO6)CC4)=NC3=C1F)=CC(O)=C2,,4.64,
500,C#CC1=CC=CC2=C1C(C1=C(F)C3=C(C=C1F)C(N1CC4CCC(C1)N4)=NC(OCC1(CN4CC5(CCCO5)C4)CC1)=N3)=CC(O)=C2,,35.7,
501,C#CC1=CC=CC2=CC(O)=CC(C3=C(F)C=C4C(N5CC6CCC(C5)N6)=NC(OCC5(CN6CCC7(CCOC7)C6)CC5)=NC4=C3F)=C12,,26.4,125
502,C#CC1=CC=CC2=CC(O)=CC(C3=C(F)C=C4C(N5CC6CCC(C5)N6)=NC(OCC5(CN6CC7(CCOC7)C6)CC5)=NC4=C3F)=C12,,5.92,23.1
503,C#CC1=CC=CC2=CC(O)=CC(C3=C(F)C=C4C(N5CC6CCC(C5)N6)=NC(OCC5(CN6CCC7(CCCO7)C6)CC5)=NC4=C3F)=C12,,2.58,31.4
504,C#CC1=CC=CC2=CC(O)=CC(C3=C(F)C=C4C(N5CC6CCC(C5)N6)=NC(OCC5(CN6CC7(CCCCO7)C6)CC5)=NC4=C3F)=C12,,1.49,38.6
505,C#CC1=CC=CC2=CC(O)=CC(C3=C(C=C4C(N5CC6CCC(N6)C5)=NC(OCC7(CC7)CN8CC9(CC(OC)C9)C8)=NC4=C3F)F)=C12,,3.95,46.4
506,C#CC1=CC=CC2=CC(O)=CC(C3=C(C=C4C(N5CC6CCC(N6)C5)=NC(OCC7(CC7)CN8CC9C(OCCO9)C8)=NC4=C3F)F)=C12,,1.39,9.39
507,C#CC1=CC=CC2=CC(O)=CC(C3=C(C=C4C(N5CC6CCC(N6)C5)=NC(OCC7(CC7)CN(C8C9)C(CC8)CC9=O)=NC4=C3F)F)=C12,,1.26,12.1
508,C#CC1=CC=CC2=CC(O)=CC(C3=C(C=C4C(N5CC6CCC(N6)C5)=NC(OCC7(CC7)CN8CC(C=CS9)=C9CC8)=NC4=C3F)F)=C12,,4.26,271
509,C#CC1=CC=CC2=CC(O)=C[C@]([C@]3=C(C=C4C(N5CC6CCC(N6)C5)=NC(OCC7(CC7)CN8CC9=CN=CN9CC8)=NC4=C3F)F)=C12,,2.59,80.3
510,C#CC1=CC=CC2=CC(O)=C[C@]([C@]3=C(C=C4C(N5CC6CCC(N6)C5)=NC(OCC7(CC7)CN8CCOC9(COC9)C8)=NC4=C3F)F)=C12,,>100,
511,C#CC1=CC=CC2=CC(O)=CC(C3=C(C=C4C(N5CC6CCC(N6)C5)=NC(OCC7(CC7)CN8CC9(CCOCC9)CC8)=NC4=C3F)F)=C12,,1.37,5.39
512,C#CC1=CC=CC2=CC(O)=CC(C3=C(C=C4C(N5CC6CCC(N6)C5)=NC(OCC7(CC7)CN8CC9(OCC9)C8)=NC4=C3F)F)=C12,,2.05,7.66
513,C#CC1=CC=CC2=CC(O)=CC(C3=C(C=C4C(N5CC6CCC(N6)C5)=NC(OCC7(CC7)CN8C9COCC8C9)=NC4=C3F)F)=C12,,6.81,46.3
514,C#CC1=CC=CC2=CC(O)=CC(C3=C(C=C4C(N5CC6CCC(N6)C5)=NC(OCC7(CC7)CN8CC(C=CC=C9)=C9C8)=NC4=C3F)F)=C12,,2.04,
515,CN1[C@H](COc2nc(N3CC(CC4)NC4C3)c(cc(c(-c3cc(O)cc4ccccc34)c3)Oc4cnccc4)c3n2)CCC1,,7,8391
516,CC(C1)NCCN1c1c(ccc(-c2c3c(Cl)cccc3ccc2)c2F)c2nc(OCC2(CCC3)N3CCC2)n1,8,6.1,4545
517,Oc1cc2ccccc2c(-c(ccc(c2n3)c(N4CC(CC5)NC5C4)nc3OCC3(CCC4)N4CCC3)c2F)c1,>1000000,0.5,95
518,Oc1cc(-c(ccc(c2n3)c(N4CC(CC5)NC5C4)nc3OCC3(CCC4)N4CCC3)c2F)c2c(Cl)cccc2c1,,0.7,21
519,Oc1cc(-c(ccc(c2n3)c(N4CC(CC5)NC5C4)nc3OCC(CCC3)(C4)N3C[C@@H]4F)c2F)c2c(Cl)cccc2c1,,1.4,42
520,Oc1cccc(F)c1-c(c(Cl)cc(c1n2)c(N3CC(CC4)NC4C3)nc2OC[C@](CCC2)(C3)N2C[C@@H]3F)c1F,,3.5,1800
521,CN1[C@H](COc2nc(N3CC(CC4)NC4C3)c(cc(c(-c3cc(O)cc4ccccc34)c3F)Cl)c3n2)CCC1,9,11.2,1417
522,CN1[C@H](COc2nc(N3CC(CC4)NC4C3)c(ccc(-c3cc(O)cc4ccccc34)c3F)c3n2)CCC1,3,4.3,271
523,CN1[C@H](COc(nc(c2ccc3-c4cc(O)cc5ccccc45)N4CCN(CCCl)CC4)nc2c3F)CCC1,,186.7,6786
524,CN1[C@H](COc2nc3cc(-c4cc(O)cc5ccccc45)ccc3c(N3CC(CC4)NC4C3)n2)CCC1,19,22.9,5662
525,CN1[C@H](COc2nc(N3CC4(CC4)NCC3)c(ccc(-c3cc(O)cc4ccccc34)c3F)c3n2)CCC1,110,,5556
526,CN1[C@H](COc2nc(N3CC(CC4)NC4C3)c(ccc(-c(c3c4)cccc3ccc4F)c3F)c3n2)CCC1,78,61.9,5556
527,CN1[C@H](COc2nc(N3C(CC4)CNC4C3)c(cnc(-c3cc(O)cc4ccccc34)c3F)c3n2)CCC1,36,30.8,8607
528,CN1[C@H](COc2nc(N3C(CC4)CNC4C3)c(CCN(C3)c4cc(O)cc5ccccc45)c3n2)CCC1,300,152.5,5948
529,CN1[C@H](COc2nc(N3CC(CC4)NC4C3)c(cc(c(-c3cc(O)cc4ccccc34)c3)Oc(cc(cc4)OC)c4F)c3n2)CCC1,,8.0,5556
530,CN1[C@H](COc2nc(N3CC(CC4)NC4C3)c(cc(c(-c3cc(O)cc4ccccc34)c3)Oc(ccc(OC)c4)c4Cl)c3n2)CCC1,,11.5,1371
531,CN1[C@H](COc2nc(N3CC(CC4)NC4C3)c(cc(c(-c3cc(O)cc4ccccc34)c3)Oc(cccc4)c4Cl)c3n2)CCC1,,1.3,1705
532,CN1[C@H](COc2nc(N3CC(CC4)NC4C3)c(cc(c(-c3cc(O)cc4ccccc34)c3)Oc(cccc4)c4C#N)c3n2)CCC1,,1.6,2156
533,N#Cc(cccc1)c1Oc(c(-c1cc(O)cc2ccccc12)cc1n2)cc1c(N1CC(CC3)NC3C1)nc2OCC1(CCC2)N2CCC1,,1,1269
534,N#Cc(cccc1)c1Oc(cc1c(N2CC(CC3)NC3C2)nc(OC[C@](CCC2)(C3)N2C[C@@H]3F)nc1c1)c1-c1cc(O)cc2ccccc12,,1.7,140
535,Oc1cc(-c2cc3nc(OCC(CCC4)(C5)N4C[C@@H]5F)nc(N4CC(CC5)NC5C4)c3cc2Oc(cccc2)c2Cl)c2c(Cl)cccc2c1,,6.6,264
536,CN1[C@H](COc2nc(N3CC(CC4)NC4C3)c(cc(c(-c3cc(O)cc4ccccc34)c3F)Oc(cccc4)c4C#N)c3n2)CCC1,,1.4,377
537,CN1[C@H](COc2nc(N3CC(CC4)NC4C3)c(cc(c(-c3cc(O)cc4ccccc34)c3F)Oc(c(C#N)ccc4)c4Cl)c3n2)CCC1,,5.3,784
538,CN1[C@H](COc2nc(N3CC(CC4)NC4C3)c(cc(c(-c3cc(O)cc4ccccc34)c3F)Oc(cccc4F)c4C#N)c3n2)CCC1,,7.4,3541
539,N#Cc(cccc1)c1Oc(c(-c1cc(O)cc2ccccc12)c(c1n2)F)cc1c(N1CC(CC3)NC3C1)nc2OCC(CCC1)(C2)N1C[C@@H]2F,,3.6,44
540,Oc1cc2ccccc2c(-c(ccc(c2n3)c(N4CC(CC5)NC5C4)nc3OCC(CCC3)(C4)N3C[C@@H]4F)c2F)c1,,0.6,171
541,CN(C1)[C@H](COc2nc(N3CC(CC4)NC4C3)c(ccc(-c3cc(O)cc4ccccc34)c3F)c3n2)C[C@H]1F,5,1.8,779
542,Cc1cc([nH]nc2)c2c(-c(ccc(c2n3)c(N4CC(CC5)NC5C4)nc3OC[C@H]3N(C)CCC3)c2F)c1C,152,57,5093
543,CN(C1)[C@H](COc2nc(N3CC(CC4)NC4C3)c(ccc(-c3cc(O)cc4ccccc34)c3F)c3n2)CC1(F)F,121,296.7,8501
544,Cc(c(C(F)(F)F)c1C(C2)OCc(c(N3CC(CC4)NC4C3)n3)c2nc3OC[C@](CCC2)(C3)N2C[C@@H]3F)cc(N)c1F,,2.5,45
545,Cc(c(C(F)(F)F)c1C(C2)OCc(c(N3CC(C4)NC4C3)n3)c2nc3OC[C@](CCC2)(C3)N2C[C@@H]3F)cc(N)c1F,,23,
546,Cc(c(C(F)(F)F)c1C(C2)OCc(c(N(C3)C4C3NCC4)n3)c2nc3OC[C@](CCC2)(C3)N2C[C@@H]3F)cc(N)c1F,,425,
547,Cc(c(C(F)(F)F)c1C(C2)OCc(c(N3C4CNCC3CC4)n3)c2nc3OC[C@](CCC2)(C3)N2C[C@@H]3F)cc(N)c1F,,12.7,
548,Cc(c(C(F)(F)F)c1C(C2)OCc(c(N3C(CC4)CNC4C3)n3)c2nc3OC[C@](CCC2)(C3)N2C[C@@H]3F)cc(N)c1F,,30,
549,Cc(c(C(F)(F)F)c1C(C2)OCc(c(N(C3)CC4NC3C=C4)n3)c2nc3OC[C@](CCC2)(C3)N2C[C@@H]3F)cc(N)c1F,,0.1,
550,Oc1cc2ccccc2c(C(Cc2n3)OCc2c(N2CC(CC4)NC4C2)nc3OC[C@](CCC2)(C3)N2C[C@@H]3F)c1,,78.3,
551,CC(C(c1c(C(F)(F)F)c(C)cc(N)c1F)OC1)c2c1c(N1CC(CC3)NC3C1)nc(OC[C@](CCC1)(C3)N1C[C@@H]3F)n2,,1.1,
552,CC(c(c(N1CC(CC2)NC2C1)n1)c(C2)nc1OC[C@](CCC1)(C3)N1C[C@@H]3F)OC2c1c(C(F)(F)F)c(C)cc(N)c1F,,3.3,
553,CN1CCC[C@H]1COC1=NC2=C(CCN(C3=CC(O)=CC4=C3C=CC=C4)C2)C(N2CC3CCC(C2)N3)=N1,110.2,48.9,2349
554,CN1CCC[C@H]1COC1=NC2=C(CCN(C3=CC=CC4=C3C(Cl)=CC=C4)C2)C(N2CC3CCC(C2)N3)=N1,163.2,266.5,16085
555,CC1=CC=C2NN=CC2=C1N1CCC2=C(C1)N=C(OC[C@@H]1CCCN1C)N=C2N1CC2CCC(C1)N2,6365.7,1315.4,
556,CN1CCC[C@H]1COC1=NC2=C(CCN(C3=CC(O)=CC4=C3C=CC=C4)C2)C(N2CC3C[C@@H](O)C(C2)N3)=N1,1.5,3.7,994
557,CCC1=CC=CC2=C1C(N1CCC3=C(C1)N=C(OCC14CCCN1[C@@H](COC(=O)NC)CC4)N=C3N1CC3CCC(C1)N3)=CC=C2,,1.6,142
558,CCC1=CC=CC2=C1C(N1CCC3=C(C1)N=C(OCC14CCCN1C[C@H](F)C4)N=C3N1C=C3CCC(C1)N3)=CC(O)=C2,,0.8,12
559,CCC1=CC=CC2=C1C(N1CCC3=C(C1)N=C(OC[C@@]14CCCN1C[C@H](F)C4)N=C3N1CC3CCC(C1)N3)=CC(O)=C2,,1,13
560,CCC1=CC=CC2=C1C(N1CCC3=C(N4CC5CCC(C4)N5)N=C(OC[C@@H]4CCCN4C)N=C3C1)=CC=C2,,5.5,12570
561,*[C@H]1CN2CCC[C@@]2(COC2=NC(N3CC4CCC(C3)N4)=C3CCN(C4=CC=CC5=C4C(CC)=CC=C5)CC3=N2)C1,,3.1,1656
562,CCC1=CC=CC2=C1C(N1CCC3=C(N4CC5CCC(C4)N5)N=C(OCC45CCCN4CCC5)N=C3C1)=CC=C2,,1.1,738
563,F[C@H]1CN2CCCC2(COC2=NC(N3CC4CCC(C3)N4)=C3CCN(C4=CC=CC5=C4C(C4CC4)=CC=C5)CC3=N2)C1,,19.8,>16667
564,ClC1=C(Cl)C2=C(C=CC=C2N2CCC3=C(N4CC5CCC(C4)N5)N=C(OCC45CCCN4CCC5)N=C3C2)C=C1,,344.8,
565,CCC1=CC=CC2=C1C(N1CCC3=C(C1)N=C(OCC14CCCN1[C@@H](COC(=O)N(C)C)CC4)N=C3N1CC3CCC(C1)N3)=CC=C2,,1.3,261
566,CCC1=CC=CC2=C1C(N1CCC3=C(C1)N=C(OCC14C#CCN1CCC4)N=C3N1CC3CCC(C1)N3)=CC(O)=C2,,1.1,21
567,CN1CCC[C@H]1COC1=NC(N2CC3CCC(C2)N3)=C2CCN(C3=CC=CC4=C3C=CC=C4Cl)CC2=N1,,7904.6,
568,CN1CCC[C@H]1COC1=NC(N2CC3CCC(C2)N3)=C2CCN(C3=CC=CC4=C3C=CC=C4F)CC2=N1,,1762.9,
569,F[C@H]1CN2CCCC2(COC2=NC3=C(CCN(C4=CC=CC(Cl)=C4C4CC4)C3)C(N3CC4CCC(C3)N4)=N2)C1,,29.5,>16667
570,CCC1=CC=CC2=C1C(N1CCC3=C(C1)N=C(OC[C@]14CCCN1[C@@H](COC(=O)NC)CC4)N=C3N1C=C3CCC(C1)N3)=CC=C2,,2,70
571,CCC1=C(F)C=CC2=C1C(N1CCC3=C(C1)N=C(OCC14CCCN1CCC4)N=C3N1CC3C=CC(C1)N3)=CC=C2,,1.8,324
572,CCC1=C(F)C=CC2=C1C(N1CCC3=C(C1)N=C(OCC14CCCN1C[C@H](F)C4)N=C3N1CC3C=CC(C1)N3)=CC=C2,,2.8,539
573,CN/C(=O)=O/C[C@H]1CCC2(CO/C3=N/C4=C(CCN(C5=CC=CC6=C5C(C)=CC=C6)C4)\C(N4CC5CCC(C4)N5)=N/3)CCCN12,,12.3,
574,COC1=NC2=C(CCN(C3=CC=CC4=C3C(C)=CC=C4)C2)C(N2CC3CCC(C2)N3)=N1,302195.6,7862.6,
575,CCC1=CC=CC2=C1C(N1CCC3=C(C1)N=C(OCC14CCCN1C(CF)CC4)N=C3N1CC3CCC(C1)N3)=CC(O)=C2,,1.1,119
576,CN1CCC[C@H]1COC1=NC2=C(CCN(C3=CC(O)=C(Cl)C4=C3C=CC=C4)C2)C(N2CC3CCC(C2)N3)=N1,37.7,1362.6,>16667
577,CN1CCC[C@H]1COC1=NC2=C(CCN(C3=C(F)C(O)=C(F)C4=C3C=CC=C4)C2)C(N2CC3CCC(C2)N3)=N1,846.8,6788.2,
578,CC(OC1=NC2=C(CCN(C3=CC(O)=C(Cl)C4=C3C=CC=C4)C2)C(N2CC3CCC(C2)N3)=N1)[C@@H]1CCCO1,325.1,,>16667
579,OC1=C(Cl)C2=C(C=CC=C2)C(N2CCC3=C(C2)N=C(OC[C@@H]2CCCN2)N=C3N2CC3CCC(C2)N3)=C1,91.3,1601.7,11111
580,CN1CCC[C@H]1COC1=NC2=C(CCN(C3=CC(O)=CC4=C3C(Cl)=CC=C4)C2)C(N2CC3CCC(C2)N3)=N1,>1000000,1.2,361
581,ClC1=CC=CC2=C1C(N1CCC3=C(C1)N=C(OCC14CCCN1CCC4)N=C3N1CC3CCC(C1)N3)=CC=C2,6.3,2.5,4053
582,ClC1=CC=CC2=C1C(N1CCC3=C(C1)N=C(OCC14CCCN1CCC4)N=C3N1CC3CCC(C1)N3)=CN=C2,87.1,16.8,2611
583,OC1=CC2=C(C=CC=C2)C(N2CCC3=C(C2)N=C(OCC24CCCN2CCC4)N=C3N2CC3CCC(C2)N3)=C1,0.8,3.8,1611
584,CC(C)C1=CC=CC=C1N1CCC2=C(C1)N=C(OCC13CCCN1C(COC(=O)N(C)C)CC3)N=C2N1CC2CCC(C1)N2,,1170.4,
585,CN(C)C(=O)OC[C@H]1CCC2(COC3=NC4=C(CCN(C5=CC=CC(Cl)=C5C5CC5)C4)C(N4CC5CCC(C4)N5)=N3)CCCN12,,50.2,5556
586,CNC(=O)OC[C@H]1CCC2(COC3=NC4=C(CCN(C5=CC=CC6=C5C(F)=CC=C6)C4)C(N4CC5CCC(C4)N5)=N3)CCCN12,,111.4,3909
587,CN1CCC[C@H]1COC1=NC2=C(CCN(C3CC(O)C4=CC=CC=C43)C2)C(N2CC3CCC(C2)N3)=N1,569626.2,>10000,
588,COC1C=C(N2CCC3=C(C2)N=C(OC[C@@H]2CCCN2C)N=C3N2CC3CCC(C2)N3)C2=CC=CC=C21,24285.7,>10000,
589,*C1CC2CN(C3=NC(OCC4CCCN4C)=NC4=C3CCN(C3=CC(O)=CC5=C3C=CC=C5)C4)CC1N2,12793.7,88.1,3849
590,CN1CCCC1COC1=NC2=C(CCN(C3=CC(O)=CC4=C3C=CC=C4)C2)C(N2CC3CC(F)C(C2)N3)=N1,2338.1,73.5,5004
591,CN1CCCC1COC1=NC2=C(CCN(C3=CC=CC4=C3C(Cl)=CC=C4)C2)C(N2CC3CC(CCN)C(C2)N3)=N1,,2694.4,
592,CN1CCC[C@H]1COC1=NC2=C(CCN(C3=C=C=CC4=C3C(O)=CC=C4)C2)C(N2CC3CC(CC#N)C(C2)N3)=N1,957.1,63.9,>16667
593,CN1CCC[C@H]1COC1=NC2=C(CCN(C3=CC=CC4=C3C(Cl)=CC=C4)C2)C(N2CC3CC(O)(C(F)F)C(C2)N3)=N1,,3128.4,
594,CN1CCC[C@H]1COC1=NC2=C(CCN(C3=CC=CC4=C3C(Cl)=CC=C4)C2)C(N2CC3CCC(CC#N)(C2)N3)=N1,,1799,
595,COC1CC2CN(C3=NC(OCC45CCCN4C[C@H](F)C5)=NC4=C3CCN(C3=CC=CC5=C3C(Cl)=CC=C5)C4)CC1N2,57.6,90.1,>16667
596,FC1CN2CCCC2(COC2=NC3=C(CCN(C4=CC=CC5=C4C(Cl)=CC=C5)C3)C(N3CC4CC(F)C(C3)N4)=N2)C1,43.9,43.5,9030
597,OC1CC2CN(C3=NC(OCC45CCCN4C[C@H](F)C5)=NC4=C3CCN(C3=CC=CC5=C3C(Cl)=CC=C5)C4)CC1N2,1.9,2.6,1361
598,F[C@H]1CN2CCCC2(COC2=NC3=C(CCN(C4=CC=CC5=C4C(Cl)=CC=C5)C3)C(N3CC4CCC(C3)N4)=N2)C1,,4.4,4570
599,OC1=CC2=C(C=CC=C2)C(N2CC/C3=C(N4CC5CCC(C4)N5)\N=C(OCC45=N(CCC4)C[C@H](F)C5)\N=C/3C2)=C1,,1,537
600,F[C@H]1CN2CCCC2(COC2=NC(N3CC4CCC(C3)N4)=C3CCN(C4=CC=CC(Cl)=C4C(F)(F)F)CC3=N2)C1,,5.5,5223
601,OC1=CC2=C(C(Cl)=CC=C2)C(N2CCC3=C(N4CC5CCC(C4)N5)N=C(OCC45CCCN4C[C@H](F)C5)N=C3C2)=C1,,0.5,77
602,CC1=CC=CC2=C1C(N1CC/C3=C(N4CC5CCC(C4)N5)/N=C(OCC45#N(CCC4)C[C@H](F)C5)\N=C/3C1)=CC=C2,,7.1,>16667
603,F[C@H]1CN2CCCC2(COC2=NC(N3CC4CCC(C3)N4)=C3CCN(C4=CC=CC5=C4C(C(F)(F)F)=CC=C5)CC3=N2)C1,,16.9,>16667
604,CC1=CC=CC2=C1C(N1CCC3=C(C1)N=C(OC[C@@H]1CCCN1C)N=C3N1CC3CCC(C1)N3)=CC=C2,250128.2,361.4,14931
605,CN1CCC[C@H]1COC1=NC2=C(CC(=O)N(CC3=CC=CC=C3)C2)C(N2C=C3CCC(C2)N3)=N1,>1000000,5259,
606,CN1CCC[C@H]1COC1=NC2=C(CCN(C3=CC(O)=CC4=C3C=CC=C4)C2)C(N2CC3CC(O)C(C2)N3)=N1,500733.2,41.1,1133
607,CN1CCC[C@H]1COC1=NC2=C(CCN(C3=CC(C(F)F)=CC4=C3C=CC=C4)C2)C(N2CC3CCC(C2)N3)=N1,89891.1,>10000,>16667
608,CN1CCC[C@H]1COC1=NC2=C(CCN(C3=CN=CC4=C3C=CC=C4)C2)C(N2CC3CCC(C2)N3)=N1,98461.5,>10000,
609,CCC1CN(C2=NC(OC[C@@H]3CCCN3C)=NC3=C2CCN(C2=CN=CC4=C2C(Cl)=CC=C4)C3)CCN1,438.1,282.9,>16667
610,NC1=NC2=C(C=CC=C2)C(N2CCC3=C(C2)N=C(OCC2CCCN2)N=C3N2CC3CCC(C2)N3)=N1,597845.6,7500,
611,CN1CCC[C@H]1COC1=NC2=C(CCN(C3=NC(N)=CC4=C3C=CC=C4)C2)C(N2CC3CCC(C2)N3)=N1,,>10000,
612,CN1CCCC1C[2H]/C1=N/C2=C(CCN(C3=CC(O)=CC4=C3C=CCC4)C2)\C(N2CC3CCC(C)(C2)N3)=N/1,175.5,184.3,6876
613,FC1=C(Cl)C2=C(C=CC=C2N2CCC3=C(N4CC5CCC(C4)N5)N=C(OCC45CCCN4CCC5)N=C3C2)C=C1,8.1,1,1936
614,FC(F)(F)C1=C(Cl)C=CC=C1N1CCC2=C(N3CC4CCC(C3)N4)N=C(OCC34CCCN3CCC4)N=C2C1,12.3,5.1,6581
615,CC1=C(C(F)(F)F)C(N2CCC3=C(N4CC5CCC(C4)N5)N=C(OCC45CCCN4CCC5)N=C3C2)=CC=C1,67.3,13,>16667
616,CN1CCC[C@H]1COC1=NC(N2CC3CCC(C2)N3)=C2CCN(C3=CC=CC4=C3C(Cl)=C(F)C=C4)CC2=N1,18.2,15.2,>16667
617,CCC1CC=CC2=C1C(N1CCC3=C(C1)N=C(OCC14CCCN1C(COC(=O)N(CC)CC)CC4)N=C3N1CC3CCC(C1)N3)=CC=C2,,4.6,2209
618,CCC1=CC=CC2=C1C(N1CCC3=C(C1)N=C(OC14CCCN1C(COC(=O)C1=CCS(=O)(=O)CC1)CC4)N=C3N1CC3CCC(C1)N3)=CC=C2,,1.5,150
619,[2H]=COCC1CCC2(CCC3/N=C(/N4CC5CCC(C4)N5)C4=C(CN(C5=CCCC6=C=CC=C(CC)C65)CC4)N3)CCCN12,,5.9,1332
620,CC1=C(O)C=C(N2CCC3=C(C2)N=C(OCC2CCCN2C)N=C3N2CC3CCC(C2)N3)C2=C1C=CC=C2,38443.4,>10000,
621,CCC1CN(C2=NC(OC[C@@H]3CCCN3C)=NC3=C2CCN(C2=CC=CC4=C2C=CC=C4)C3)CCN1,2100,1118.9,
622,CN1CCC[C@H]1COC1=NC2=C(CCN(C3=CC=CC4=C3CCCC4)C2)C(N2CC3CCC(C2)N3)=N1,4217.1,1780,
623,CN1CCC[C@H]1COC1=NC2=C(CCN(C3=CC=CC4=C3C=C(F)C=C4)C2)C(N2CC3CCC(C2)N3)=N1,922.5,226.3,>16667
624,CN1CCC[C@H]1COC1=NC2=C(CCN(C3=CC=CC4=C3C(F)=CC=C4)C2)C(N2CC3CCC(C2)N3)=N1,3161.7,1101,
625,ClC1=CC=CC2=C1C(N1CCC3=C(C1)N=C(OC[C@@H]1CCCN1)N=C3N1CC3CCC(C1)N3)=CC=C2Br,41604.3,>10000,
626,CN1CCC[C@H]1COC1=NC2=C(CCN(C3=C(F)C=CC=C3C(F)(F)F)C2)C(N2CC3CCC(C2)N3)=N1,170483.5,>10000,>16667
627,CN1CCC[C@H]1COC1=NC2=C(CCN(C3=C(F)C=CC(F)=C3C(F)F)C2)C(N2CC3CCC(C2)N3)=N1,97014.9,,>16667
628,CN1CCC[C@H]1COC1=NC2=C(CCN(C3=C(O)C=CC=C3F)C2)C(N2CC3CCC(C2)N3)=N1,264294.8,>10000,
629,CN1CCC[C@H]1COC1=NC2=C(CCN(C3=C(O)C=CC4=C3C=CC=C4)C2)C(N2CC3CCC(C2)N3)=N1,51441.4,>10000,
630,CN1CCC[C@H]1COC1=NC2=C(CCN(C3=CC=CC4=C3C(CCCO)=CC=C4)C2)C(N2CC3CCC(C2)N3)=N1,1863,485.5,
631,CN1CCC[C@H]1COC1=NC2=C(CCN(C3=CC=CC4=C3C(CCC#N)=CC=C4)C2)C(N2CC3CCC(C2)N3)=N1,616.7,,11111
632,CCCCC1=CC=CC2=C1C(N1CCC3=C(C1)N=C(OC[C@@H]1CCCN1C)N=C3N1CC3CCC(C1)N3)=CC=C2,,710.2,
633,CC1CCCC2=C1C(N1CCC3=C(C1)N=C(OC[C@@H]1CCCN1C)N=C3N1CC3CCC(C1)N3)=CC=C2,149.5,61,
634,CN1CCC[C@H]1COC1=NC2=C(CCN(C3=CC=CC4=C3C(CCCC#N)=CC=C4)C2)C(N2CC3CCC(C2)N3)=N1,19926.5,6565.8,
635,CN1CCC[C@H]1COC1=NC2=C(CCN(C3=CC=CC4=C3C(CCCCO)=CC=C4)C2)C(N2CC3CCC(C2)N3)=N1,8709.7,3688.9,
636,CN1CCC[C@H]1COC1=NC2=C(CCN(C3=CC=CC4=C3C(CC#N)CCC4)C2)C(N2CC3CCC(C2)N3)=N1,1509.8,,
637,OC1CC2CN(C3=NC(OCCC(F)(F)F)=NC4=C3CCN(C3=CC=CC5=C3C(Cl)=CC=C5)C4)CC1N2,33232.2,2900.3,
638,CC1CC2CN(C3=NC(OC[C@@H]4CCCN4C)=NC4=C3CCN(C3=CC=CC5=C3C(Cl)=CC=C5)C4)CC1N2,704.8,271.4,13438
639,CN1=CCC[C@H]1CO/C1=N/C2=C(CCN(C3=CC=CC4=C3C(Cl)=CC=C4)C2)\C(N2CC3C/C(=C\C#N)C(C2)N3)=N/1,27058.2,>10000,
640,CCCC1CC2CN(C3=NC(OC[C@@H]4CCCN4C)=NC4=C3CCN(C3=CC=CC5=C3C(Cl)=CC=C5)C4)CC1N2,176.1,78.4,>16667
641,CN1CCC[C@H]1COC1=NC2=C(CCN(C3=CC=CC4=C3C(Cl)=CC=C4)C2)C(N2CC3CC(C#N)C(C2)N3)=N1,,5489.7,
642,CCCC1CC2CN(C3=NC(OC[C@@H]4CCCN4C)=NC4=C3CCN(C3=CC=CC5=C3C(Cl)=CC=C5)C4)CC1N2,,360.3,>16667
643,CN1CCC[C@H]1COC1=NC2=C(CCN(C3=CC=CC4=C3C(Cl)=CC=C4)C2)C(N2CC3C[C@@H](O)C(C2)N3)=N1,58.3,50.6,>16667
644,CN1CCC[C@H]1COC1=NC2=C(CCN(C3=CC=CC4=C3C(Cl)=CC=C4)C2)C(N2CC3CC(O)C(C2)N3)=N1,,331.2,>16667
645,CCC1=CC=CC2=C1C(N1CCC3=C(C1)N=C(CCC14CCCN1[C@@H](COC(=O)N1CCCC1)CC4)N=C3N1CC3CCC(C1)N3)=CC=C2,,2.7,559
646,CNC(=O)OCC1CCCC2(COC3N=C(N4CC5CCC(C4)N5)C4=C(CN(C5=CC=CC6=C5C(Cl)=CC=C6)CC4)N3)CCCN12,,9.7,1311
647,FC1(F)CCC2=C1C=CC=C2N1CCC2=C(C1)N=C(OCC13CCCN1CCC3)N=C2N1CC2CCC(C1)N2,,2485.2,
648,C1=CC2=C(C(N3CCC4=C(C3)N=C(OCC35CCCN3CCC5)N=C4N3CC4CCC(C3)N4)=C1)C(C1CC1)CC2,,654.1,